Year,Month,FIPS,Beverage,Gallons,Ethanol,Population,PerCapita,PerCapita3yr,PctChange
2017,1,02,1,103645,42598,593378,0.0718,,
2017,1,08,1,733857,301615,4634346,0.0651,,
2017,1,12,1,2770686,1138752,17722275,0.0643,,
2017,1,17,1,1044642,429348,10556100,0.0407,,
2017,1,21,1,779156,320233,3670568,0.0872,,
2017,1,25,1,520076,213751,5815595,0.0368,,
2017,1,27,1,833970,342762,4555107,0.0752,,
2017,1,29,1,633870,260521,5037634,0.0517,,
2017,1,38,1,123893,50920,613251,0.0830,,
2017,1,47,1,1220401,501585,5545920,0.0904,,
2017,1,02,2,140499,18124,593378,0.0305,,
2017,1,08,2,1146987,147961,4634346,0.0319,,
2017,1,12,2,5987405,772375,17722275,0.0436,,
2017,1,17,2,2113935,272698,10556100,0.0258,,
2017,1,21,2,736522,95011,3670568,0.0259,,
2017,1,25,2,1342858,173229,5815595,0.0298,,
2017,1,27,2,978486,126225,4555107,0.0277,,
2017,1,29,2,972384,125437,5037634,0.0249,,
2017,1,38,2,96753,12481,613251,0.0204,,
2017,1,47,2,1634857,210897,5545920,0.0380,,
2017,1,02,3,787407,35433,593378,0.0597,,
2017,1,08,3,8181014,368146,4634346,0.0794,,
2017,1,12,3,30220321,1359914,17722275,0.0767,,
2017,1,17,3,15922784,716525,10556100,0.0679,,
2017,1,21,3,5959564,268180,3670568,0.0731,,
2017,1,25,3,8185604,368352,5815595,0.0633,,
2017,1,27,3,8161461,367266,4555107,0.0806,,
2017,1,29,3,9474397,426348,5037634,0.0846,,
2017,1,38,3,1480113,66605,613251,0.1086,,
2017,1,47,3,8237299,370678,5545920,0.0668,,
2017,1,02,4,,96156,593378,0.1620,,
2017,1,08,4,,817722,4634346,0.1764,,
2017,1,12,4,,3271041,17722275,0.1846,,
2017,1,17,4,,1418571,10556100,0.1344,,
2017,1,21,4,,683425,3670568,0.1862,,
2017,1,25,4,,755332,5815595,0.1299,,
2017,1,27,4,,836252,4555107,0.1836,,
2017,1,29,4,,812306,5037634,0.1612,,
2017,1,38,4,,130006,613251,0.2120,,
2017,1,47,4,,1083160,5545920,0.1953,,
2017,2,02,1,120929,49702,593378,0.0838,,
2017,2,08,1,929497,382023,4634346,0.0824,,
2017,2,12,1,3423792,1407178,17722275,0.0794,,
2017,2,17,1,1419199,583291,10556100,0.0553,,
2017,2,21,1,262904,108053,3670568,0.0294,,
2017,2,25,1,812741,334037,5815595,0.0574,,
2017,2,27,1,964014,396210,4555107,0.0870,,
2017,2,29,1,956038,392932,5037634,0.0780,,
2017,2,38,1,137002,56308,613251,0.0918,,
2017,2,47,1,663475,272688,5545920,0.0492,,
2017,2,02,2,163072,21036,593378,0.0355,,
2017,2,08,2,1482717,191270,4634346,0.0413,,
2017,2,12,2,6685572,862439,17722275,0.0487,,
2017,2,17,2,2586424,333649,10556100,0.0316,,
2017,2,21,2,244620,31556,3670568,0.0086,,
2017,2,25,2,1962634,253180,5815595,0.0435,,
2017,2,27,2,1209438,156017,4555107,0.0343,,
2017,2,29,2,1312305,169287,5037634,0.0336,,
2017,2,38,2,106924,13793,613251,0.0225,,
2017,2,47,2,957664,123539,5545920,0.0223,,
2017,2,02,3,845710,38057,593378,0.0641,,
2017,2,08,3,7969597,358632,4634346,0.0774,,
2017,2,12,3,31736910,1428161,17722275,0.0806,,
2017,2,17,3,16802205,756099,10556100,0.0716,,
2017,2,21,3,4533440,204005,3670568,0.0556,,
2017,2,25,3,7809330,351420,5815595,0.0604,,
2017,2,27,3,7852621,353368,4555107,0.0776,,
2017,2,29,3,9010164,405457,5037634,0.0805,,
2017,2,38,3,1495247,67286,613251,0.1097,,
2017,2,47,3,9720247,437411,5545920,0.0789,,
2017,2,02,4,,108795,593378,0.1833,,
2017,2,08,4,,931926,4634346,0.2011,,
2017,2,12,4,,3697778,17722275,0.2087,,
2017,2,17,4,,1673039,10556100,0.1585,,
2017,2,21,4,,343614,3670568,0.0936,,
2017,2,25,4,,938636,5815595,0.1614,,
2017,2,27,4,,905595,4555107,0.1988,,
2017,2,29,4,,967676,5037634,0.1921,,
2017,2,38,4,,137387,613251,0.2240,,
2017,2,47,4,,833638,5545920,0.1503,,
2017,3,02,1,141033,57964,593378,0.0977,,
2017,3,08,1,1154429,474470,4634346,0.1024,,
2017,3,12,1,4217222,1733278,17722275,0.0978,,
2017,3,17,1,1767023,726247,10556100,0.0688,,
2017,3,21,1,681101,279932,3670568,0.0763,,
2017,3,25,1,1212509,498341,5815595,0.0857,,
2017,3,27,1,1050120,431599,4555107,0.0948,,
2017,3,29,1,1064454,437490,5037634,0.0868,,
2017,3,38,1,162070,66611,613251,0.1086,,
2017,3,47,1,761605,313020,5545920,0.0564,,
2017,3,02,2,207743,26799,593378,0.0452,,
2017,3,08,2,1516369,195612,4634346,0.0422,,
2017,3,12,2,7571086,976670,17722275,0.0551,,
2017,3,17,2,3007626,387984,10556100,0.0368,,
2017,3,21,2,320378,41329,3670568,0.0113,,
2017,3,25,2,2722797,351241,5815595,0.0604,,
2017,3,27,2,1198026,154545,4555107,0.0339,,
2017,3,29,2,1340458,172919,5037634,0.0343,,
2017,3,38,2,126127,16270,613251,0.0265,,
2017,3,47,2,968791,124974,5545920,0.0225,,
2017,3,02,3,1104293,49693,593378,0.0837,,
2017,3,08,3,9848197,443169,4634346,0.0956,,
2017,3,12,3,40430413,1819369,17722275,0.1027,,
2017,3,17,3,21032499,946462,10556100,0.0897,,
2017,3,21,3,6286329,282885,3670568,0.0771,,
2017,3,25,3,10467658,471045,5815595,0.0810,,
2017,3,27,3,9466875,426009,4555107,0.0935,,
2017,3,29,3,11123045,500537,5037634,0.0994,,
2017,3,38,3,1598135,71916,613251,0.1173,,
2017,3,47,3,8487395,381933,5545920,0.0689,,
2017,3,02,4,,134456,593378,0.2266,,
2017,3,08,4,,1113251,4634346,0.2402,,
2017,3,12,4,,4529317,17722275,0.2556,,
2017,3,17,4,,2060693,10556100,0.1952,,
2017,3,21,4,,604146,3670568,0.1646,,
2017,3,25,4,,1320626,5815595,0.2271,,
2017,3,27,4,,1012154,4555107,0.2222,,
2017,3,29,4,,1110947,5037634,0.2205,,
2017,3,38,4,,154797,613251,0.2524,,
2017,3,47,4,,819926,5545920,0.1478,,
2017,4,02,1,131717,54136,593378,0.0912,,
2017,4,08,1,945519,388608,4634346,0.0839,,
2017,4,12,1,3220124,1323471,17722275,0.0747,,
2017,4,17,1,1486325,610879,10556100,0.0579,,
2017,4,21,1,631720,259637,3670568,0.0707,,
2017,4,25,1,1008246,414389,5815595,0.0713,,
2017,4,27,1,955939,392891,4555107,0.0863,,
2017,4,29,1,980158,402845,5037634,0.0800,,
2017,4,38,1,134596,55319,613251,0.0902,,
2017,4,47,1,934786,384197,5545920,0.0693,,
2017,4,02,2,166416,21468,593378,0.0362,,
2017,4,08,2,1376073,177513,4634346,0.0383,,
2017,4,12,2,6342581,818193,17722275,0.0462,,
2017,4,17,2,2698416,348096,10556100,0.0330,,
2017,4,21,2,523184,67491,3670568,0.0184,,
2017,4,25,2,2326263,300088,5815595,0.0516,,
2017,4,27,2,1216380,156913,4555107,0.0344,,
2017,4,29,2,1068064,137780,5037634,0.0274,,
2017,4,38,2,160336,20683,613251,0.0337,,
2017,4,47,2,1049128,135337,5545920,0.0244,,
2017,4,02,3,1069064,48108,593378,0.0811,,
2017,4,08,3,8949796,402741,4634346,0.0869,,
2017,4,12,3,35827699,1612246,17722275,0.0910,,
2017,4,17,3,20328054,914762,10556100,0.0867,,
2017,4,21,3,6690048,301052,3670568,0.0820,,
2017,4,25,3,10183607,458262,5815595,0.0788,,
2017,4,27,3,9867530,444039,4555107,0.0975,,
2017,4,29,3,10903214,490645,5037634,0.0974,,
2017,4,38,3,1934276,87042,613251,0.1419,,
2017,4,47,3,8889446,400025,5545920,0.0721,,
2017,4,02,4,,123711,593378,0.2085,,
2017,4,08,4,,968863,4634346,0.2091,,
2017,4,12,4,,3753910,17722275,0.2118,,
2017,4,17,4,,1873737,10556100,0.1775,,
2017,4,21,4,,628180,3670568,0.1711,,
2017,4,25,4,,1172739,5815595,0.2017,,
2017,4,27,4,,993843,4555107,0.2182,,
2017,4,29,4,,1031270,5037634,0.2047,,
2017,4,38,4,,163045,613251,0.2659,,
2017,4,47,4,,919560,5545920,0.1658,,
2017,5,02,1,158173,65009,593378,0.1096,,
2017,5,08,1,1176509,483545,4634346,0.1043,,
2017,5,12,1,3920402,1611285,17722275,0.0909,,
2017,5,17,1,2043145,839733,10556100,0.0795,,
2017,5,21,1,573843,235849,3670568,0.0643,,
2017,5,25,1,1268448,521332,5815595,0.0896,,
2017,5,27,1,1164578,478642,4555107,0.1051,,
2017,5,29,1,1087550,446983,5037634,0.0887,,
2017,5,38,1,177927,73128,613251,0.1192,,
2017,5,47,1,852650,350439,5545920,0.0632,,
2017,5,02,2,225526,29093,593378,0.0490,,
2017,5,08,2,1528132,197129,4634346,0.0425,,
2017,5,12,2,6068368,782819,17722275,0.0442,,
2017,5,17,2,3201436,412985,10556100,0.0391,,
2017,5,21,2,496274,64019,3670568,0.0174,,
2017,5,25,2,2534209,326913,5815595,0.0562,,
2017,5,27,2,1302641,168041,4555107,0.0369,,
2017,5,29,2,1191653,153723,5037634,0.0305,,
2017,5,38,2,121996,15738,613251,0.0257,,
2017,5,47,2,1067474,137704,5545920,0.0248,,
2017,5,02,3,1457979,65609,593378,0.1106,,
2017,5,08,3,10684955,480823,4634346,0.1038,,
2017,5,12,3,38488906,1732001,17722275,0.0977,,
2017,5,17,3,25126460,1130691,10556100,0.1071,,
2017,5,21,3,5983942,269277,3670568,0.0734,,
2017,5,25,3,12158741,547143,5815595,0.0941,,
2017,5,27,3,11691787,526130,4555107,0.1155,,
2017,5,29,3,12137281,546178,5037634,0.1084,,
2017,5,38,3,2116074,95223,613251,0.1553,,
2017,5,47,3,10537470,474186,5545920,0.0855,,
2017,5,02,4,,159711,593378,0.2692,,
2017,5,08,4,,1161497,4634346,0.2506,,
2017,5,12,4,,4126105,17722275,0.2328,,
2017,5,17,4,,2383409,10556100,0.2258,,
2017,5,21,4,,569146,3670568,0.1551,,
2017,5,25,4,,1395388,5815595,0.2399,,
2017,5,27,4,,1172813,4555107,0.2575,,
2017,5,29,4,,1146884,5037634,0.2277,,
2017,5,38,4,,184089,613251,0.3002,,
2017,5,47,4,,962330,5545920,0.1735,,
2017,6,02,1,181130,74444,593378,0.1255,,
2017,6,08,1,1438590,591260,4634346,0.1276,,
2017,6,12,1,4603094,1891872,17722275,0.1068,,
2017,6,17,1,2358265,969247,10556100,0.0918,,
2017,6,21,1,650132,267204,3670568,0.0728,,
2017,6,25,1,1883692,774198,5815595,0.1331,,
2017,6,27,1,1379613,567021,4555107,0.1245,,
2017,6,29,1,1193229,490417,5037634,0.0974,,
2017,6,38,1,201090,82648,613251,0.1348,,
2017,6,47,1,916352,376621,5545920,0.0679,,
2017,6,02,2,252221,32537,593378,0.0548,,
2017,6,08,2,1708736,220427,4634346,0.0476,,
2017,6,12,2,6063007,782128,17722275,0.0441,,
2017,6,17,2,3487153,449843,10556100,0.0426,,
2017,6,21,2,530906,68487,3670568,0.0187,,
2017,6,25,2,3272019,422090,5815595,0.0726,,
2017,6,27,2,1384186,178560,4555107,0.0392,,
2017,6,29,2,1421505,183374,5037634,0.0364,,
2017,6,38,2,122821,15844,613251,0.0258,,
2017,6,47,2,1182430,152533,5545920,0.0275,,
2017,6,02,3,1628971,73304,593378,0.1235,,
2017,6,08,3,12475707,561407,4634346,0.1211,,
2017,6,12,3,36521145,1643452,17722275,0.0927,,
2017,6,17,3,27967981,1258559,10556100,0.1192,,
2017,6,21,3,7170994,322695,3670568,0.0879,,
2017,6,25,3,12701265,571557,5815595,0.0983,,
2017,6,27,3,11639835,523793,4555107,0.1150,,
2017,6,29,3,12127850,545753,5037634,0.1083,,
2017,6,38,3,2263360,101851,613251,0.1661,,
2017,6,47,3,12405488,558247,5545920,0.1007,,
2017,6,02,4,,180284,593378,0.3038,,
2017,6,08,4,,1373094,4634346,0.2963,,
2017,6,12,4,,4317451,17722275,0.2436,,
2017,6,17,4,,2677649,10556100,0.2537,,
2017,6,21,4,,658386,3670568,0.1794,,
2017,6,25,4,,1767845,5815595,0.3040,,
2017,6,27,4,,1269373,4555107,0.2787,,
2017,6,29,4,,1219544,5037634,0.2421,,
2017,6,38,4,,200343,613251,0.3267,,
2017,6,47,4,,1087401,5545920,0.1961,,
2017,7,02,1,149097,61279,593378,0.1033,,
2017,7,08,1,933813,383797,4634346,0.0828,,
2017,7,12,1,2717018,1116694,17722275,0.0630,,
2017,7,17,1,1244927,511665,10556100,0.0485,,
2017,7,21,1,689831,283521,3670568,0.0772,,
2017,7,25,1,835468,343377,5815595,0.0590,,
2017,7,27,1,991236,407398,4555107,0.0894,,
2017,7,29,1,884627,363582,5037634,0.0722,,
2017,7,38,1,154796,63621,613251,0.1037,,
2017,7,47,1,1049460,431328,5545920,0.0778,,
2017,7,02,2,213686,27565,593378,0.0465,,
2017,7,08,2,1336047,172350,4634346,0.0372,,
2017,7,12,2,4699499,606235,17722275,0.0342,,
2017,7,17,2,2429733,313436,10556100,0.0297,,
2017,7,21,2,540076,69670,3670568,0.0190,,
2017,7,25,2,1846016,238136,5815595,0.0409,,
2017,7,27,2,1142907,147435,4555107,0.0324,,
2017,7,29,2,1020401,131632,5037634,0.0261,,
2017,7,38,2,108529,14000,613251,0.0228,,
2017,7,47,2,1135150,146434,5545920,0.0264,,
2017,7,02,3,1408319,63374,593378,0.1068,,
2017,7,08,3,10347649,465644,4634346,0.1005,,
2017,7,12,3,32388125,1457466,17722275,0.0822,,
2017,7,17,3,21395931,962817,10556100,0.0912,,
2017,7,21,3,7756200,349029,3670568,0.0951,,
2017,7,25,3,10822605,487017,5815595,0.0837,,
2017,7,27,3,11219741,504888,4555107,0.1108,,
2017,7,29,3,11000501,495023,5037634,0.0983,,
2017,7,38,3,1857034,83567,613251,0.1363,,
2017,7,47,3,11962115,538295,5545920,0.0971,,
2017,7,02,4,,152219,593378,0.2565,,
2017,7,08,4,,1021791,4634346,0.2205,,
2017,7,12,4,,3180395,17722275,0.1795,,
2017,7,17,4,,1787917,10556100,0.1694,,
2017,7,21,4,,702219,3670568,0.1913,,
2017,7,25,4,,1068531,5815595,0.1837,,
2017,7,27,4,,1059721,4555107,0.2326,,
2017,7,29,4,,990236,5037634,0.1966,,
2017,7,38,4,,161188,613251,0.2628,,
2017,7,47,4,,1116057,5545920,0.2012,,
2017,8,02,1,177645,73012,593378,0.1230,,
2017,8,08,1,1203259,494539,4634346,0.1067,,
2017,8,12,1,3392719,1394408,17722275,0.0787,,
2017,8,17,1,1832047,752971,10556100,0.0713,,
2017,8,21,1,539733,221830,3670568,0.0604,,
2017,8,25,1,1078534,443277,5815595,0.0762,,
2017,8,27,1,1253979,515385,4555107,0.1131,,
2017,8,29,1,1018085,418433,5037634,0.0831,,
2017,8,38,1,167706,68927,613251,0.1124,,
2017,8,47,1,750251,308353,5545920,0.0556,,
2017,8,02,2,248580,32067,593378,0.0540,,
2017,8,08,2,1693905,218514,4634346,0.0472,,
2017,8,12,2,6201543,799999,17722275,0.0451,,
2017,8,17,2,3379674,435978,10556100,0.0413,,
2017,8,21,2,420672,54267,3670568,0.0148,,
2017,8,25,2,2339265,301765,5815595,0.0519,,
2017,8,27,2,1392072,179577,4555107,0.0394,,
2017,8,29,2,1231511,158865,5037634,0.0315,,
2017,8,38,2,131476,16960,613251,0.0277,,
2017,8,47,2,962000,124098,5545920,0.0224,,
2017,8,02,3,1636509,73643,593378,0.1241,,
2017,8,08,3,11954718,537962,4634346,0.1161,,
2017,8,12,3,38064476,1712901,17722275,0.0967,,
2017,8,17,3,26691702,1201127,10556100,0.1138,,
2017,8,21,3,6334416,285049,3670568,0.0777,,
2017,8,25,3,12373486,556807,5815595,0.0957,,
2017,8,27,3,11445563,515050,4555107,0.1131,,
2017,8,29,3,12132018,545941,5037634,0.1084,,
2017,8,38,3,1911782,86030,613251,0.1403,,
2017,8,47,3,10658453,479630,5545920,0.0865,,
2017,8,02,4,,178722,593378,0.3012,,
2017,8,08,4,,1251016,4634346,0.2699,,
2017,8,12,4,,3907308,17722275,0.2205,,
2017,8,17,4,,2390076,10556100,0.2264,,
2017,8,21,4,,561146,3670568,0.1529,,
2017,8,25,4,,1301850,5815595,0.2239,,
2017,8,27,4,,1210013,4555107,0.2656,,
2017,8,29,4,,1123238,5037634,0.2230,,
2017,8,38,4,,171918,613251,0.2803,,
2017,8,47,4,,912082,5545920,0.1645,,
2017,9,02,1,144068,59212,593378,0.0998,,
2017,9,08,1,1055056,433628,4634346,0.0936,,
2017,9,12,1,2806073,1153296,17722275,0.0651,,
2017,9,17,1,1621165,666299,10556100,0.0631,,
2017,9,21,1,615577,253002,3670568,0.0689,,
2017,9,25,1,1162718,477877,5815595,0.0822,,
2017,9,27,1,1027601,422344,4555107,0.0927,,
2017,9,29,1,1199883,493152,5037634,0.0979,,
2017,9,38,1,152656,62741,613251,0.1023,,
2017,9,47,1,937374,385261,5545920,0.0695,,
2017,9,02,2,199086,25682,593378,0.0433,,
2017,9,08,2,1364559,176028,4634346,0.0380,,
2017,9,12,2,4695913,605773,17722275,0.0342,,
2017,9,17,2,2690818,347116,10556100,0.0329,,
2017,9,21,2,529020,68244,3670568,0.0186,,
2017,9,25,2,2608738,336527,5815595,0.0579,,
2017,9,27,2,1163520,150094,4555107,0.0330,,
2017,9,29,2,1365719,176178,5037634,0.0350,,
2017,9,38,2,97187,12537,613251,0.0204,,
2017,9,47,2,1055639,136177,5545920,0.0246,,
2017,9,02,3,1083370,48752,593378,0.0822,,
2017,9,08,3,9942861,447429,4634346,0.0965,,
2017,9,12,3,32493045,1462187,17722275,0.0825,,
2017,9,17,3,21419855,963893,10556100,0.0913,,
2017,9,21,3,7976064,358923,3670568,0.0978,,
2017,9,25,3,9909433,445924,5815595,0.0767,,
2017,9,27,3,8913246,401096,4555107,0.0881,,
2017,9,29,3,10420535,468924,5037634,0.0931,,
2017,9,38,3,1513268,68097,613251,0.1110,,
2017,9,47,3,11445348,515041,5545920,0.0929,,
2017,9,02,4,,133646,593378,0.2252,,
2017,9,08,4,,1057085,4634346,0.2281,,
2017,9,12,4,,3221256,17722275,0.1818,,
2017,9,17,4,,1977308,10556100,0.1873,,
2017,9,21,4,,680169,3670568,0.1853,,
2017,9,25,4,,1260329,5815595,0.2167,,
2017,9,27,4,,973534,4555107,0.2137,,
2017,9,29,4,,1138254,5037634,0.2260,,
2017,9,38,4,,143376,613251,0.2338,,
2017,9,47,4,,1036479,5545920,0.1869,,
2017,10,02,1,133326,54797,593378,0.0923,,
2017,10,08,1,1061033,436085,4634346,0.0941,,
2017,10,12,1,4000117,1644048,17722275,0.0928,,
2017,10,17,1,1895586,779086,10556100,0.0738,,
2017,10,21,1,593322,243856,3670568,0.0664,,
2017,10,25,1,1092277,448926,5815595,0.0772,,
2017,10,27,1,1146371,471158,4555107,0.1034,,
2017,10,29,1,1045346,429637,5037634,0.0853,,
2017,10,38,1,162942,66969,613251,0.1092,,
2017,10,47,1,874900,359584,5545920,0.0648,,
2017,10,02,2,187725,24217,593378,0.0408,,
2017,10,08,2,1599055,206278,4634346,0.0445,,
2017,10,12,2,7116123,917980,17722275,0.0518,,
2017,10,17,2,3271374,422007,10556100,0.0400,,
2017,10,21,2,466770,60213,3670568,0.0164,,
2017,10,25,2,2237509,288639,5815595,0.0496,,
2017,10,27,2,1426399,184005,4555107,0.0404,,
2017,10,29,2,1428600,184289,5037634,0.0366,,
2017,10,38,2,141182,18212,613251,0.0297,,
2017,10,47,2,1162100,149911,5545920,0.0270,,
2017,10,02,3,997871,44904,593378,0.0757,,
2017,10,08,3,8972300,403754,4634346,0.0871,,
2017,10,12,3,33834345,1522546,17722275,0.0859,,
2017,10,17,3,20376090,916924,10556100,0.0869,,
2017,10,21,3,6236816,280657,3670568,0.0765,,
2017,10,25,3,9290960,418093,5815595,0.0719,,
2017,10,27,3,9701452,436565,4555107,0.0958,,
2017,10,29,3,10267423,462034,5037634,0.0917,,
2017,10,38,3,1576512,70943,613251,0.1157,,
2017,10,47,3,9706658,436800,5545920,0.0788,,
2017,10,02,4,,123918,593378,0.2088,,
2017,10,08,4,,1046116,4634346,0.2257,,
2017,10,12,4,,4084573,17722275,0.2305,,
2017,10,17,4,,2118017,10556100,0.2006,,
2017,10,21,4,,584726,3670568,0.1593,,
2017,10,25,4,,1155658,5815595,0.1987,,
2017,10,27,4,,1091729,4555107,0.2397,,
2017,10,29,4,,1075960,5037634,0.2136,,
2017,10,38,4,,156125,613251,0.2546,,
2017,10,47,4,,946294,5545920,0.1706,,
2017,11,02,1,147474,60612,593378,0.1021,,
2017,11,08,1,1198683,492659,4634346,0.1063,,
2017,11,12,1,4001209,1644497,17722275,0.0928,,
2017,11,17,1,2023196,831533,10556100,0.0788,,
2017,11,21,1,642724,264160,3670568,0.0720,,
2017,11,25,1,1192117,489960,5815595,0.0842,,
2017,11,27,1,1116359,458824,4555107,0.1007,,
2017,11,29,1,1174026,482525,5037634,0.0958,,
2017,11,38,1,170289,69989,613251,0.1141,,
2017,11,47,1,914543,375877,5545920,0.0678,,
2017,11,02,2,193979,25023,593378,0.0422,,
2017,11,08,2,1749042,225626,4634346,0.0487,,
2017,11,12,2,8056380,1039273,17722275,0.0586,,
2017,11,17,2,3709028,478465,10556100,0.0453,,
2017,11,21,2,526878,67967,3670568,0.0185,,
2017,11,25,2,2860233,368970,5815595,0.0634,,
2017,11,27,2,1541173,198811,4555107,0.0436,,
2017,11,29,2,1438737,185597,5037634,0.0368,,
2017,11,38,2,193879,25010,613251,0.0408,,
2017,11,47,2,1181308,152389,5545920,0.0275,,
2017,11,02,3,988678,44491,593378,0.0750,,
2017,11,08,3,9314560,419155,4634346,0.0904,,
2017,11,12,3,35372822,1591777,17722275,0.0898,,
2017,11,17,3,20100372,904517,10556100,0.0857,,
2017,11,21,3,6274016,282331,3670568,0.0769,,
2017,11,25,3,9394224,422740,5815595,0.0727,,
2017,11,27,3,8369754,376639,4555107,0.0827,,
2017,11,29,3,9835082,442579,5037634,0.0879,,
2017,11,38,3,1618559,72835,613251,0.1188,,
2017,11,47,3,10312181,464048,5545920,0.0837,,
2017,11,02,4,,130125,593378,0.2193,,
2017,11,08,4,,1137440,4634346,0.2454,,
2017,11,12,4,,4275547,17722275,0.2413,,
2017,11,17,4,,2214515,10556100,0.2098,,
2017,11,21,4,,614458,3670568,0.1674,,
2017,11,25,4,,1281670,5815595,0.2204,,
2017,11,27,4,,1034274,4555107,0.2271,,
2017,11,29,4,,1110700,5037634,0.2205,,
2017,11,38,4,,167834,613251,0.2737,,
2017,11,47,4,,992314,5545920,0.1789,,
2017,12,02,1,164071,67433,593378,0.1136,,
2017,12,08,1,1572105,646135,4634346,0.1394,,
2017,12,12,1,5659929,2326231,17722275,0.1313,,
2017,12,17,1,2662850,1094431,10556100,0.1037,,
2017,12,21,1,668296,274670,3670568,0.0748,,
2017,12,25,1,1721765,707646,5815595,0.1217,,
2017,12,27,1,1268579,521386,4555107,0.1145,,
2017,12,29,1,1140300,468663,5037634,0.0930,,
2017,12,38,1,198340,81518,613251,0.1329,,
2017,12,47,1,1014254,416858,5545920,0.0752,,
2017,12,02,2,222366,28685,593378,0.0483,,
2017,12,08,2,1983162,255828,4634346,0.0552,,
2017,12,12,2,7778717,1003454,17722275,0.0566,,
2017,12,17,2,4173641,538400,10556100,0.0510,,
2017,12,21,2,605296,78083,3670568,0.0213,,
2017,12,25,2,3516473,453625,5815595,0.0780,,
2017,12,27,2,1632737,210623,4555107,0.0462,,
2017,12,29,2,1358518,175249,5037634,0.0348,,
2017,12,38,2,192377,24817,613251,0.0405,,
2017,12,47,2,1303818,168193,5545920,0.0303,,
2017,12,02,3,951832,42832,593378,0.0722,,
2017,12,08,3,8940531,402324,4634346,0.0868,,
2017,12,12,3,36252995,1631385,17722275,0.0921,,
2017,12,17,3,20681226,930655,10556100,0.0882,,
2017,12,21,3,5807974,261359,3670568,0.0712,,
2017,12,25,3,9076318,408434,5815595,0.0702,,
2017,12,27,3,7767129,349521,4555107,0.0767,,
2017,12,29,3,8623704,388067,5037634,0.0770,,
2017,12,38,3,1249997,56250,613251,0.0917,,
2017,12,47,3,9337033,420166,5545920,0.0758,,
2017,12,02,4,,138951,593378,0.2342,,
2017,12,08,4,,1304287,4634346,0.2814,,
2017,12,12,4,,4961070,17722275,0.2799,,
2017,12,17,4,,2563486,10556100,0.2428,,
2017,12,21,4,,614112,3670568,0.1673,,
2017,12,25,4,,1569705,5815595,0.2699,,
2017,12,27,4,,1081530,4555107,0.2374,,
2017,12,29,4,,1031979,5037634,0.2049,,
2017,12,38,4,,162584,613251,0.2651,,
2017,12,47,4,,1005217,5545920,0.1813,,
2018,1,02,1,98477,40474,590760,0.0685,,
2018,1,08,1,817826,336126,4715895,0.0713,,
2018,1,12,1,3030298,1245453,17980787,0.0693,,
2018,1,17,1,1127188,463274,10533371,0.0440,,
2018,1,21,1,764728,314303,3681254,0.0854,,
2018,1,25,1,637339,261946,5844357,0.0448,,
2018,1,27,1,943675,387850,4594573,0.0844,,
2018,1,29,1,678966,279055,5056750,0.0552,,
2018,1,38,1,132079,54285,615077,0.0883,,
2018,1,47,1,1146347,471149,5605408,0.0841,,
2018,1,02,2,142634,18400,590760,0.0311,,
2018,1,08,2,1209841,156069,4715895,0.0331,,
2018,1,12,2,6425127,828841,17980787,0.0461,,
2018,1,17,2,2276536,293673,10533371,0.0279,,
2018,1,21,2,737988,95200,3681254,0.0259,,
2018,1,25,2,1455782,187796,5844357,0.0321,,
2018,1,27,2,1150620,148430,4594573,0.0323,,
2018,1,29,2,1104595,142493,5056750,0.0282,,
2018,1,38,2,92191,11893,615077,0.0193,,
2018,1,47,2,1566471,202075,5605408,0.0360,,
2018,1,02,3,853471,38406,590760,0.0650,,
2018,1,08,3,8221948,369988,4715895,0.0785,,
2018,1,12,3,30856769,1388555,17980787,0.0772,,
2018,1,17,3,16291882,733135,10533371,0.0696,,
2018,1,21,3,5219706,234887,3681254,0.0638,,
2018,1,25,3,8571266,385707,5844357,0.0660,,
2018,1,27,3,8430673,379380,4594573,0.0826,,
2018,1,29,3,8635242,388586,5056750,0.0768,,
2018,1,38,3,1600740,72033,615077,0.1171,,
2018,1,47,3,8436602,379647,5605408,0.0677,,
2018,1,02,4,,97280,590760,0.1647,,
2018,1,08,4,,862184,4715895,0.1828,,
2018,1,12,4,,3462849,17980787,0.1926,,
2018,1,17,4,,1490082,10533371,0.1415,,
2018,1,21,4,,644390,3681254,0.1750,,
2018,1,25,4,,835449,5844357,0.1429,,
2018,1,27,4,,915661,4594573,0.1993,,
2018,1,29,4,,810134,5056750,0.1602,,
2018,1,38,4,,138211,615077,0.2247,,
2018,1,47,4,,1052871,5605408,0.1878,,
2018,2,02,1,115497,47469,590760,0.0804,,
2018,2,08,1,945955,388788,4715895,0.0824,,
2018,2,12,1,3363052,1382215,17980787,0.0769,,
2018,2,17,1,1453104,597226,10533371,0.0567,,
2018,2,21,1,464229,190798,3681254,0.0518,,
2018,2,25,1,836547,343821,5844357,0.0588,,
2018,2,27,1,1000052,411021,4594573,0.0895,,
2018,2,29,1,905544,372179,5056750,0.0736,,
2018,2,38,1,145183,59670,615077,0.0970,,
2018,2,47,1,749755,308149,5605408,0.0550,,
2018,2,02,2,172662,22273,590760,0.0377,,
2018,2,08,2,1488187,191976,4715895,0.0407,,
2018,2,12,2,6578234,848592,17980787,0.0472,,
2018,2,17,2,2699222,348200,10533371,0.0331,,
2018,2,21,2,429116,55356,3681254,0.0150,,
2018,2,25,2,1977273,255068,5844357,0.0436,,
2018,2,27,2,1072286,138325,4594573,0.0301,,
2018,2,29,2,1065291,137422,5056750,0.0272,,
2018,2,38,2,109512,14127,615077,0.0230,,
2018,2,47,2,936941,120865,5605408,0.0216,,
2018,2,02,3,800332,36015,590760,0.0610,,
2018,2,08,3,7637602,343692,4715895,0.0729,,
2018,2,12,3,32061208,1442754,17980787,0.0802,,
2018,2,17,3,15846820,713107,10533371,0.0677,,
2018,2,21,3,4276289,192433,3681254,0.0523,,
2018,2,25,3,7851774,353330,5844357,0.0605,,
2018,2,27,3,7912561,356065,4594573,0.0775,,
2018,2,29,3,8880706,399632,5056750,0.0790,,
2018,2,38,3,1321458,59466,615077,0.0967,,
2018,2,47,3,8989078,404509,5605408,0.0722,,
2018,2,02,4,,105758,590760,0.1790,,
2018,2,08,4,,924456,4715895,0.1960,,
2018,2,12,4,,3673561,17980787,0.2043,,
2018,2,17,4,,1658532,10533371,0.1575,,
2018,2,21,4,,438587,3681254,0.1191,,
2018,2,25,4,,952219,5844357,0.1629,,
2018,2,27,4,,905412,4594573,0.1971,,
2018,2,29,4,,909233,5056750,0.1798,,
2018,2,38,4,,133263,615077,0.2167,,
2018,2,47,4,,833523,5605408,0.1487,,
2018,3,02,1,146482,60204,590760,0.1019,,
2018,3,08,1,1127897,463566,4715895,0.0983,,
2018,3,12,1,4248314,1746057,17980787,0.0971,,
2018,3,17,1,1744864,717139,10533371,0.0681,,
2018,3,21,1,501503,206118,3681254,0.0560,,
2018,3,25,1,1177042,483764,5844357,0.0828,,
2018,3,27,1,1058448,435022,4594573,0.0947,,
2018,3,29,1,1059605,435498,5056750,0.0861,,
2018,3,38,1,145176,59667,615077,0.0970,,
2018,3,47,1,794541,326556,5605408,0.0583,,
2018,3,02,2,174287,22483,590760,0.0381,,
2018,3,08,2,1462188,188622,4715895,0.0400,,
2018,3,12,2,7081970,913574,17980787,0.0508,,
2018,3,17,2,2841758,366587,10533371,0.0348,,
2018,3,21,2,436126,56260,3681254,0.0153,,
2018,3,25,2,2298401,296494,5844357,0.0507,,
2018,3,27,2,1208379,155881,4594573,0.0339,,
2018,3,29,2,1229069,158550,5056750,0.0314,,
2018,3,38,2,133114,17172,615077,0.0279,,
2018,3,47,2,1032747,133224,5605408,0.0238,,
2018,3,02,3,1043925,46977,590760,0.0795,,
2018,3,08,3,9076780,408455,4715895,0.0866,,
2018,3,12,3,39961633,1798273,17980787,0.1000,,
2018,3,17,3,20238181,910718,10533371,0.0865,,
2018,3,21,3,6053717,272417,3681254,0.0740,,
2018,3,25,3,9268952,417103,5844357,0.0714,,
2018,3,27,3,9211693,414526,4594573,0.0902,,
2018,3,29,3,10165038,457427,5056750,0.0905,,
2018,3,38,3,1611119,72500,615077,0.1179,,
2018,3,47,3,8893413,400204,5605408,0.0714,,
2018,3,02,4,,129664,590760,0.2195,,
2018,3,08,4,,1060643,4715895,0.2249,,
2018,3,12,4,,4457905,17980787,0.2479,,
2018,3,17,4,,1994444,10533371,0.1893,,
2018,3,21,4,,534795,3681254,0.1453,,
2018,3,25,4,,1197361,5844357,0.2049,,
2018,3,27,4,,1005429,4594573,0.2188,,
2018,3,29,4,,1051474,5056750,0.2079,,
2018,3,38,4,,149339,615077,0.2428,,
2018,3,47,4,,859984,5605408,0.1534,,
2018,4,02,1,130423,53604,590760,0.0907,,
2018,4,08,1,983583,404253,4715895,0.0857,,
2018,4,12,1,3202792,1316347,17980787,0.0732,,
2018,4,17,1,1567726,644336,10533371,0.0612,,
2018,4,21,1,658357,270585,3681254,0.0735,,
2018,4,25,1,1130526,464646,5844357,0.0795,,
2018,4,27,1,968972,398247,4594573,0.0867,,
2018,4,29,1,1094243,449734,5056750,0.0889,,
2018,4,38,1,149221,61330,615077,0.0997,,
2018,4,47,1,937268,385217,5605408,0.0687,,
2018,4,02,2,172554,22259,590760,0.0377,,
2018,4,08,2,1366953,176337,4715895,0.0374,,
2018,4,12,2,6253772,806737,17980787,0.0449,,
2018,4,17,2,2742556,353790,10533371,0.0336,,
2018,4,21,2,501400,64681,3681254,0.0176,,
2018,4,25,2,2122841,273846,5844357,0.0469,,
2018,4,27,2,1245768,160704,4594573,0.0350,,
2018,4,29,2,1150705,148441,5056750,0.0294,,
2018,4,38,2,165481,21347,615077,0.0347,,
2018,4,47,2,1039213,134058,5605408,0.0239,,
2018,4,02,3,1055553,47500,590760,0.0804,,
2018,4,08,3,9283901,417776,4715895,0.0886,,
2018,4,12,3,34197933,1538907,17980787,0.0856,,
2018,4,17,3,18619331,837870,10533371,0.0795,,
2018,4,21,3,6536486,294142,3681254,0.0799,,
2018,4,25,3,9990808,449586,5844357,0.0769,,
2018,4,27,3,9541962,429388,4594573,0.0935,,
2018,4,29,3,10513356,473101,5056750,0.0936,,
2018,4,38,3,1790521,80573,615077,0.1310,,
2018,4,47,3,9070506,408173,5605408,0.0728,,
2018,4,02,4,,123363,590760,0.2088,,
2018,4,08,4,,998365,4715895,0.2117,,
2018,4,12,4,,3661991,17980787,0.2037,,
2018,4,17,4,,1835995,10533371,0.1743,,
2018,4,21,4,,629407,3681254,0.1710,,
2018,4,25,4,,1188079,5844357,0.2033,,
2018,4,27,4,,988340,4594573,0.2151,,
2018,4,29,4,,1071276,5056750,0.2119,,
2018,4,38,4,,163250,615077,0.2654,,
2018,4,47,4,,927448,5605408,0.1655,,
2018,5,02,1,170517,70082,590760,0.1186,,
2018,5,08,1,1280263,526188,4715895,0.1116,,
2018,5,12,1,4438432,1824195,17980787,0.1015,,
2018,5,17,1,2106508,865775,10533371,0.0822,,
2018,5,21,1,634085,260609,3681254,0.0708,,
2018,5,25,1,1243967,511271,5844357,0.0875,,
2018,5,27,1,1244512,511494,4594573,0.1113,,
2018,5,29,1,1150294,472771,5056750,0.0935,,
2018,5,38,1,178910,73532,615077,0.1195,,
2018,5,47,1,872784,358714,5605408,0.0640,,
2018,5,02,2,227382,29332,590760,0.0497,,
2018,5,08,2,1619821,208957,4715895,0.0443,,
2018,5,12,2,6736071,868953,17980787,0.0483,,
2018,5,17,2,3436581,443319,10533371,0.0421,,
2018,5,21,2,543216,70075,3681254,0.0190,,
2018,5,25,2,2608430,336487,5844357,0.0576,,
2018,5,27,2,1378607,177840,4594573,0.0387,,
2018,5,29,2,1437551,185444,5056750,0.0367,,
2018,5,38,2,118802,15325,615077,0.0249,,
2018,5,47,2,1140540,147130,5605408,0.0262,,
2018,5,02,3,1471144,66201,590760,0.1121,,
2018,5,08,3,11391585,512621,4715895,0.1087,,
2018,5,12,3,38204836,1719218,17980787,0.0956,,
2018,5,17,3,27076451,1218440,10533371,0.1157,,
2018,5,21,3,6077525,273489,3681254,0.0743,,
2018,5,25,3,11980166,539107,5844357,0.0922,,
2018,5,27,3,11674260,525342,4594573,0.1143,,
2018,5,29,3,11351765,510829,5056750,0.1010,,
2018,5,38,3,2002751,90124,615077,0.1465,,
2018,5,47,3,11329707,509837,5605408,0.0910,,
2018,5,02,4,,165616,590760,0.2803,,
2018,5,08,4,,1247766,4715895,0.2646,,
2018,5,12,4,,4412366,17980787,0.2454,,
2018,5,17,4,,2527534,10533371,0.2400,,
2018,5,21,4,,604172,3681254,0.1641,,
2018,5,25,4,,1386865,5844357,0.2373,,
2018,5,27,4,,1214676,4594573,0.2644,,
2018,5,29,4,,1169044,5056750,0.2312,,
2018,5,38,4,,178981,615077,0.2910,,
2018,5,47,4,,1015681,5605408,0.1812,,
2018,6,02,1,178321,73290,590760,0.1241,,
2018,6,08,1,1443123,593124,4715895,0.1258,,
2018,6,12,1,4556683,1872797,17980787,0.1042,,
2018,6,17,1,2300859,945653,10533371,0.0898,,
2018,6,21,1,669299,275082,3681254,0.0747,,
2018,6,25,1,1886511,775356,5844357,0.1327,,
2018,6,27,1,1330257,546736,4594573,0.1190,,
2018,6,29,1,1105612,454407,5056750,0.0899,,
2018,6,38,1,198113,81424,615077,0.1324,,
2018,6,47,1,1086443,446528,5605408,0.0797,,
2018,6,02,2,238895,30818,590760,0.0522,,
2018,6,08,2,1648142,212610,4715895,0.0451,,
2018,6,12,2,5644383,728125,17980787,0.0405,,
2018,6,17,2,3310542,427060,10533371,0.0405,,
2018,6,21,2,594336,76669,3681254,0.0208,,
2018,6,25,2,3188854,411362,5844357,0.0704,,
2018,6,27,2,1348557,173964,4594573,0.0379,,
2018,6,29,2,1232223,158957,5056750,0.0314,,
2018,6,38,2,115738,14930,615077,0.0243,,
2018,6,47,2,1216042,156869,5605408,0.0280,,
2018,6,02,3,1530573,68876,590760,0.1166,,
2018,6,08,3,12141166,546352,4715895,0.1159,,
2018,6,12,3,36300447,1633520,17980787,0.0908,,
2018,6,17,3,25327016,1139716,10533371,0.1082,,
2018,6,21,3,6706676,301800,3681254,0.0820,,
2018,6,25,3,11500753,517534,5844357,0.0886,,
2018,6,27,3,12500663,562530,4594573,0.1224,,
2018,6,29,3,12407177,558323,5056750,0.1104,,
2018,6,38,3,2482170,111698,615077,0.1816,,
2018,6,47,3,11401713,513077,5605408,0.0915,,
2018,6,02,4,,172983,590760,0.2928,,
2018,6,08,4,,1352086,4715895,0.2867,,
2018,6,12,4,,4234442,17980787,0.2355,,
2018,6,17,4,,2512429,10533371,0.2385,,
2018,6,21,4,,653552,3681254,0.1775,,
2018,6,25,4,,1704252,5844357,0.2916,,
2018,6,27,4,,1283229,4594573,0.2793,,
2018,6,29,4,,1171686,5056750,0.2317,,
2018,6,38,4,,208052,615077,0.3383,,
2018,6,47,4,,1116474,5605408,0.1992,,
2018,7,02,1,177449,72932,590760,0.1235,,
2018,7,08,1,1081737,444594,4715895,0.0943,,
2018,7,12,1,2981875,1225551,17980787,0.0682,,
2018,7,17,1,1543075,634204,10533371,0.0602,,
2018,7,21,1,728707,299499,3681254,0.0814,,
2018,7,25,1,894598,367680,5844357,0.0629,,
2018,7,27,1,1095235,450142,4594573,0.0980,,
2018,7,29,1,933718,383758,5056750,0.0759,,
2018,7,38,1,160418,65932,615077,0.1072,,
2018,7,47,1,1033545,424787,5605408,0.0758,,
2018,7,02,2,221210,28536,590760,0.0483,,
2018,7,08,2,1457177,187976,4715895,0.0399,,
2018,7,12,2,5445566,702478,17980787,0.0391,,
2018,7,17,2,2787479,359585,10533371,0.0341,,
2018,7,21,2,508052,65539,3681254,0.0178,,
2018,7,25,2,1867570,240917,5844357,0.0412,,
2018,7,27,2,1231898,158915,4594573,0.0346,,
2018,7,29,2,986304,127233,5056750,0.0252,,
2018,7,38,2,120686,15568,615077,0.0253,,
2018,7,47,2,1221799,157612,5605408,0.0281,,
2018,7,02,3,1564383,70397,590760,0.1192,,
2018,7,08,3,11300509,508523,4715895,0.1078,,
2018,7,12,3,33631333,1513410,17980787,0.0842,,
2018,7,17,3,22907899,1030855,10533371,0.0979,,
2018,7,21,3,7159735,322188,3681254,0.0875,,
2018,7,25,3,11339456,510276,5844357,0.0873,,
2018,7,27,3,11789502,530528,4594573,0.1155,,
2018,7,29,3,11774784,529865,5056750,0.1048,,
2018,7,38,3,1916998,86265,615077,0.1403,,
2018,7,47,3,11101568,499571,5605408,0.0891,,
2018,7,02,4,,171865,590760,0.2909,,
2018,7,08,4,,1141093,4715895,0.2420,,
2018,7,12,4,,3441439,17980787,0.1914,,
2018,7,17,4,,2024644,10533371,0.1922,,
2018,7,21,4,,687225,3681254,0.1867,,
2018,7,25,4,,1118872,5844357,0.1914,,
2018,7,27,4,,1139584,4594573,0.2480,,
2018,7,29,4,,1040857,5056750,0.2058,,
2018,7,38,4,,167765,615077,0.2728,,
2018,7,47,4,,1081970,5605408,0.1930,,
2018,8,02,1,178962,73554,590760,0.1245,,
2018,8,08,1,1265508,520124,4715895,0.1103,,
2018,8,12,1,3397861,1396521,17980787,0.0777,,
2018,8,17,1,1853401,761748,10533371,0.0723,,
2018,8,21,1,527068,216625,3681254,0.0588,,
2018,8,25,1,1094063,449660,5844357,0.0769,,
2018,8,27,1,1277851,525197,4594573,0.1143,,
2018,8,29,1,1162436,477761,5056750,0.0945,,
2018,8,38,1,171044,70299,615077,0.1143,,
2018,8,47,1,836222,343687,5605408,0.0613,,
2018,8,02,2,255902,33011,590760,0.0559,,
2018,8,08,2,1821044,234915,4715895,0.0498,,
2018,8,12,2,6204272,800351,17980787,0.0445,,
2018,8,17,2,3261365,420716,10533371,0.0399,,
2018,8,21,2,444822,57382,3681254,0.0156,,
2018,8,25,2,2384862,307647,5844357,0.0526,,
2018,8,27,2,1385929,178785,4594573,0.0389,,
2018,8,29,2,1403879,181100,5056750,0.0358,,
2018,8,38,2,116317,15005,615077,0.0244,,
2018,8,47,2,1032647,133211,5605408,0.0238,,
2018,8,02,3,1580226,71110,590760,0.1204,,
2018,8,08,3,12419993,558900,4715895,0.1185,,
2018,8,12,3,38107995,1714860,17980787,0.0954,,
2018,8,17,3,26933183,1211993,10533371,0.1151,,
2018,8,21,3,6870753,309184,3681254,0.0840,,
2018,8,25,3,12539400,564273,5844357,0.0966,,
2018,8,27,3,11250100,506254,4594573,0.1102,,
2018,8,29,3,11894850,535268,5056750,0.1059,,
2018,8,38,3,1774825,79867,615077,0.1298,,
2018,8,47,3,11699586,526481,5605408,0.0939,,
2018,8,02,4,,177675,590760,0.3008,,
2018,8,08,4,,1313938,4715895,0.2786,,
2018,8,12,4,,3911732,17980787,0.2176,,
2018,8,17,4,,2394457,10533371,0.2273,,
2018,8,21,4,,583191,3681254,0.1584,,
2018,8,25,4,,1321580,5844357,0.2261,,
2018,8,27,4,,1210236,4594573,0.2634,,
2018,8,29,4,,1194130,5056750,0.2361,,
2018,8,38,4,,165171,615077,0.2685,,
2018,8,47,4,,1003380,5605408,0.1790,,
2018,9,02,1,135865,55841,590760,0.0945,,
2018,9,08,1,1049497,431343,4715895,0.0915,,
2018,9,12,1,2986978,1227648,17980787,0.0683,,
2018,9,17,1,1553666,638557,10533371,0.0606,,
2018,9,21,1,652752,268281,3681254,0.0729,,
2018,9,25,1,1194699,491021,5844357,0.0840,,
2018,9,27,1,1009712,414991,4594573,0.0903,,
2018,9,29,1,1113731,457744,5056750,0.0905,,
2018,9,38,1,149943,61627,615077,0.1002,,
2018,9,47,1,996817,409692,5605408,0.0731,,
2018,9,02,2,189359,24427,590760,0.0413,,
2018,9,08,2,1348294,173930,4715895,0.0369,,
2018,9,12,2,4956565,639397,17980787,0.0356,,
2018,9,17,2,2544066,328185,10533371,0.0312,,
2018,9,21,2,586232,75624,3681254,0.0205,,
2018,9,25,2,2320564,299353,5844357,0.0512,,
2018,9,27,2,1111158,143339,4594573,0.0312,,
2018,9,29,2,1071190,138183,5056750,0.0273,,
2018,9,38,2,101273,13064,615077,0.0212,,
2018,9,47,2,1205469,155505,5605408,0.0277,,
2018,9,02,3,1087937,48957,590760,0.0829,,
2018,9,08,3,9899956,445498,4715895,0.0945,,
2018,9,12,3,30145019,1356526,17980787,0.0754,,
2018,9,17,3,19971793,898731,10533371,0.0853,,
2018,9,21,3,7615460,342696,3681254,0.0931,,
2018,9,25,3,9612033,432541,5844357,0.0740,,
2018,9,27,3,8721885,392485,4594573,0.0854,,
2018,9,29,3,10298927,463452,5056750,0.0917,,
2018,9,38,3,1506137,67776,615077,0.1102,,
2018,9,47,3,11812703,531572,5605408,0.0948,,
2018,9,02,4,,129225,590760,0.2187,,
2018,9,08,4,,1050771,4715895,0.2228,,
2018,9,12,4,,3223571,17980787,0.1793,,
2018,9,17,4,,1865472,10533371,0.1771,,
2018,9,21,4,,686601,3681254,0.1865,,
2018,9,25,4,,1222916,5844357,0.2092,,
2018,9,27,4,,950816,4594573,0.2069,,
2018,9,29,4,,1059379,5056750,0.2095,,
2018,9,38,4,,142467,615077,0.2316,,
2018,9,47,4,,1096769,5605408,0.1957,,
2018,10,02,1,152529,62690,590760,0.1061,,
2018,10,08,1,1204850,495193,4715895,0.1050,,
2018,10,12,1,4060049,1668680,17980787,0.0928,,
2018,10,17,1,2039356,838175,10533371,0.0796,,
2018,10,21,1,574674,236191,3681254,0.0642,,
2018,10,25,1,1248965,513324,5844357,0.0878,,
2018,10,27,1,1191034,489515,4594573,0.1065,,
2018,10,29,1,1151634,473321,5056750,0.0936,,
2018,10,38,1,176413,72506,615077,0.1179,,
2018,10,47,1,838339,344557,5605408,0.0615,,
2018,10,02,2,202789,26160,590760,0.0443,,
2018,10,08,2,1662984,214525,4715895,0.0455,,
2018,10,12,2,7247402,934915,17980787,0.0520,,
2018,10,17,2,3508190,452557,10533371,0.0430,,
2018,10,21,2,463856,59837,3681254,0.0163,,
2018,10,25,2,2479417,319845,5844357,0.0547,,
2018,10,27,2,1491269,192374,4594573,0.0419,,
2018,10,29,2,1568832,202379,5056750,0.0400,,
2018,10,38,2,146938,18955,615077,0.0308,,
2018,10,47,2,939595,121208,5605408,0.0216,,
2018,10,02,3,1086298,48883,590760,0.0827,,
2018,10,08,3,9395392,422793,4715895,0.0897,,
2018,10,12,3,34407126,1548321,17980787,0.0861,,
2018,10,17,3,19630493,883372,10533371,0.0839,,
2018,10,21,3,5697986,256409,3681254,0.0697,,
2018,10,25,3,9798419,440929,5844357,0.0754,,
2018,10,27,3,8686308,390884,4594573,0.0851,,
2018,10,29,3,10317572,464291,5056750,0.0918,,
2018,10,38,3,1595451,71795,615077,0.1167,,
2018,10,47,3,9597120,431870,5605408,0.0770,,
2018,10,02,4,,137733,590760,0.2331,,
2018,10,08,4,,1132511,4715895,0.2401,,
2018,10,12,4,,4151916,17980787,0.2309,,
2018,10,17,4,,2174104,10533371,0.2064,,
2018,10,21,4,,552438,3681254,0.1501,,
2018,10,25,4,,1274098,5844357,0.2180,,
2018,10,27,4,,1072773,4594573,0.2335,,
2018,10,29,4,,1139992,5056750,0.2254,,
2018,10,38,4,,163256,615077,0.2654,,
2018,10,47,4,,897635,5605408,0.1601,,
2018,11,02,1,155097,63745,590760,0.1079,,
2018,11,08,1,1250496,513954,4715895,0.1090,,
2018,11,12,1,4070137,1672826,17980787,0.0930,,
2018,11,17,1,1936351,795840,10533371,0.0756,,
2018,11,21,1,716661,294548,3681254,0.0800,,
2018,11,25,1,1266495,520530,5844357,0.0891,,
2018,11,27,1,1106306,454692,4594573,0.0990,,
2018,11,29,1,1201414,493781,5056750,0.0976,,
2018,11,38,1,166521,68440,615077,0.1113,,
2018,11,47,1,1072595,440836,5605408,0.0786,,
2018,11,02,2,215188,27759,590760,0.0470,,
2018,11,08,2,1806804,233078,4715895,0.0494,,
2018,11,12,2,7779581,1003566,17980787,0.0558,,
2018,11,17,2,3578774,461662,10533371,0.0438,,
2018,11,21,2,569180,73424,3681254,0.0199,,
2018,11,25,2,2773591,357793,5844357,0.0612,,
2018,11,27,2,1469817,189606,4594573,0.0413,,
2018,11,29,2,1342537,173187,5056750,0.0342,,
2018,11,38,2,182788,23580,615077,0.0383,,
2018,11,47,2,1316964,169888,5605408,0.0303,,
2018,11,02,3,973567,43811,590760,0.0742,,
2018,11,08,3,9287564,417940,4715895,0.0886,,
2018,11,12,3,36681679,1650676,17980787,0.0918,,
2018,11,17,3,19827031,892216,10533371,0.0847,,
2018,11,21,3,5061122,227750,3681254,0.0619,,
2018,11,25,3,7966432,358489,5844357,0.0613,,
2018,11,27,3,8126014,365671,4594573,0.0796,,
2018,11,29,3,9289531,418029,5056750,0.0827,,
2018,11,38,3,1465749,65959,615077,0.1072,,
2018,11,47,3,10594725,476763,5605408,0.0851,,
2018,11,02,4,,135315,590760,0.2291,,
2018,11,08,4,,1164972,4715895,0.2470,,
2018,11,12,4,,4327068,17980787,0.2406,,
2018,11,17,4,,2149719,10533371,0.2041,,
2018,11,21,4,,595722,3681254,0.1618,,
2018,11,25,4,,1236812,5844357,0.2116,,
2018,11,27,4,,1009969,4594573,0.2198,,
2018,11,29,4,,1084997,5056750,0.2146,,
2018,11,38,4,,157978,615077,0.2568,,
2018,11,47,4,,1087487,5605408,0.1940,,
2018,12,02,1,165742,68120,590760,0.1153,,
2018,12,08,1,1622016,666649,4715895,0.1414,,
2018,12,12,1,5432807,2232884,17980787,0.1242,,
2018,12,17,1,2655303,1091330,10533371,0.1036,,
2018,12,21,1,371157,152546,3681254,0.0414,,
2018,12,25,1,1718026,706108,5844357,0.1208,,
2018,12,27,1,1303767,535848,4594573,0.1166,,
2018,12,29,1,1043505,428880,5056750,0.0848,,
2018,12,38,1,217572,89422,615077,0.1454,,
2018,12,47,1,1062782,436803,5605408,0.0779,,
2018,12,02,2,225254,29058,590760,0.0492,,
2018,12,08,2,1988749,256549,4715895,0.0544,,
2018,12,12,2,7986033,1030198,17980787,0.0573,,
2018,12,17,2,3994377,515275,10533371,0.0489,,
2018,12,21,2,340984,43987,3681254,0.0119,,
2018,12,25,2,3380994,436148,5844357,0.0746,,
2018,12,27,2,1588992,204980,4594573,0.0446,,
2018,12,29,2,1310524,169058,5056750,0.0334,,
2018,12,38,2,207604,26781,615077,0.0435,,
2018,12,47,2,1315194,169660,5605408,0.0303,,
2018,12,02,3,970535,43674,590760,0.0739,,
2018,12,08,3,9212772,414575,4715895,0.0879,,
2018,12,12,3,35582602,1601217,17980787,0.0891,,
2018,12,17,3,20727202,932724,10533371,0.0885,,
2018,12,21,3,8900807,400536,3681254,0.1088,,
2018,12,25,3,8298399,373428,5844357,0.0639,,
2018,12,27,3,8472329,381255,4594573,0.0830,,
2018,12,29,3,8842900,397930,5056750,0.0787,,
2018,12,38,3,1500258,67512,615077,0.1098,,
2018,12,47,3,9476078,426424,5605408,0.0761,,
2018,12,02,4,,140852,590760,0.2384,,
2018,12,08,4,,1337772,4715895,0.2837,,
2018,12,12,4,,4864299,17980787,0.2705,,
2018,12,17,4,,2539328,10533371,0.2411,,
2018,12,21,4,,597069,3681254,0.1622,,
2018,12,25,4,,1515685,5844357,0.2593,,
2018,12,27,4,,1122083,4594573,0.2442,,
2018,12,29,4,,995869,5056750,0.1969,,
2018,12,38,4,,183715,615077,0.2987,,
2018,12,47,4,,1032887,5605408,0.1843,,
2019,1,02,1,112835,46375,589481,0.0787,,
2019,1,08,1,889500,365585,4789291,0.0763,,
2019,1,12,1,3281500,1348697,18207522,0.0741,,
2019,1,17,1,1121828,461071,10512479,0.0439,,
2019,1,21,1,1113109,457488,3691561,0.1239,,
2019,1,25,1,715974,294265,5862386,0.0502,,
2019,1,27,1,901183,370386,4629348,0.0800,,
2019,1,29,1,835196,343266,5077875,0.0676,,
2019,1,38,1,129706,53309,617880,0.0863,,
2019,1,47,1,1183280,486328,5661532,0.0859,,
2019,1,02,2,147783,19064,589481,0.0323,,
2019,1,08,2,1265000,163185,4789291,0.0341,,
2019,1,12,2,6757783,871754,18207522,0.0479,,
2019,1,17,2,2116018,272966,10512479,0.0260,,
2019,1,21,2,956386,123374,3691561,0.0334,,
2019,1,25,2,1417057,182800,5862386,0.0312,,
2019,1,27,2,1066611,137593,4629348,0.0297,,
2019,1,29,2,1291658,166624,5077875,0.0328,,
2019,1,38,2,96440,12441,617880,0.0201,,
2019,1,47,2,1725599,222602,5661532,0.0393,,
2019,1,02,3,873240,39296,589481,0.0667,,
2019,1,08,3,9870200,444159,4789291,0.0927,,
2019,1,12,3,32535327,1464090,18207522,0.0804,,
2019,1,17,3,15650982,704294,10512479,0.0670,,
2019,1,21,3,4951258,222807,3691561,0.0604,,
2019,1,25,3,8561962,385288,5862386,0.0657,,
2019,1,27,3,8524824,383617,4629348,0.0829,,
2019,1,29,3,8527874,383754,5077875,0.0756,,
2019,1,38,3,1589363,71521,617880,0.1158,,
2019,1,47,3,9164881,412420,5661532,0.0728,,
2019,1,02,4,,104735,589481,0.1777,,
2019,1,08,4,,972929,4789291,0.2031,,
2019,1,12,4,,3684540,18207522,0.2024,,
2019,1,17,4,,1438332,10512479,0.1368,,
2019,1,21,4,,803668,3691561,0.2177,,
2019,1,25,4,,862354,5862386,0.1471,,
2019,1,27,4,,891596,4629348,0.1926,,
2019,1,29,4,,893644,5077875,0.1760,,
2019,1,38,4,,137271,617880,0.2222,,
2019,1,47,4,,1121350,5661532,0.1981,,
2019,2,02,1,121494,49934,589481,0.0847,,
2019,2,08,1,994500,408740,4789291,0.0853,,
2019,2,12,1,3487661,1433429,18207522,0.0787,,
2019,2,17,1,1543757,634484,10512479,0.0604,,
2019,2,21,1,482628,198360,3691561,0.0537,,
2019,2,25,1,853131,350637,5862386,0.0598,,
2019,2,27,1,1062763,436796,4629348,0.0944,,
2019,2,29,1,913500,375449,5077875,0.0739,,
2019,2,38,1,152591,62715,617880,0.1015,,
2019,2,47,1,843754,346783,5661532,0.0613,,
2019,2,02,2,167047,21549,589481,0.0366,,
2019,2,08,2,1509800,194764,4789291,0.0407,,
2019,2,12,2,6738948,869324,18207522,0.0477,,
2019,2,17,2,2752402,355060,10512479,0.0338,,
2019,2,21,2,434416,56040,3691561,0.0152,,
2019,2,25,2,1856566,239497,5862386,0.0409,,
2019,2,27,2,1162436,149954,4629348,0.0324,,
2019,2,29,2,1103098,142300,5077875,0.0280,,
2019,2,38,2,102301,13197,617880,0.0214,,
2019,2,47,2,1037116,133788,5661532,0.0236,,
2019,2,02,3,798394,35928,589481,0.0609,,
2019,2,08,3,7869800,354141,4789291,0.0739,,
2019,2,12,3,31784765,1430314,18207522,0.0786,,
2019,2,17,3,16252766,731374,10512479,0.0696,,
2019,2,21,3,2539880,114295,3691561,0.0310,,
2019,2,25,3,7562374,340307,5862386,0.0580,,
2019,2,27,3,7112223,320050,4629348,0.0691,,
2019,2,29,3,3866220,173980,5077875,0.0343,,
2019,2,38,3,1246883,56110,617880,0.0908,,
2019,2,47,3,9081217,408655,5661532,0.0722,,
2019,2,02,4,,107411,589481,0.1822,,
2019,2,08,4,,957645,4789291,0.2000,,
2019,2,12,4,,3733068,18207522,0.2050,,
2019,2,17,4,,1720918,10512479,0.1637,,
2019,2,21,4,,368694,3691561,0.0999,,
2019,2,25,4,,930441,5862386,0.1587,,
2019,2,27,4,,906800,4629348,0.1959,,
2019,2,29,4,,691728,5077875,0.1362,,
2019,2,38,4,,132022,617880,0.2137,,
2019,2,47,4,,889226,5661532,0.1571,,
2019,3,02,1,148174,60900,589481,0.1033,,
2019,3,08,1,1179300,484692,4789291,0.1012,,
2019,3,12,1,4563359,1875541,18207522,0.1030,,
2019,3,17,1,1740171,715210,10512479,0.0680,,
2019,3,21,1,525623,216031,3691561,0.0585,,
2019,3,25,1,1097400,451031,5862386,0.0769,,
2019,3,27,1,1080504,444087,4629348,0.0959,,
2019,3,29,1,1066996,438535,5077875,0.0864,,
2019,3,38,1,154488,63494,617880,0.1028,,
2019,3,47,1,855005,351407,5661532,0.0621,,
2019,3,02,2,181054,23356,589481,0.0396,,
2019,3,08,2,1457600,188030,4789291,0.0393,,
2019,3,12,2,6801495,877393,18207522,0.0482,,
2019,3,17,2,2739196,353356,10512479,0.0336,,
2019,3,21,2,468460,60431,3691561,0.0164,,
2019,3,25,2,1972242,254419,5862386,0.0434,,
2019,3,27,2,1111479,143381,4629348,0.0310,,
2019,3,29,2,1218399,157173,5077875,0.0310,,
2019,3,38,2,114188,14730,617880,0.0238,,
2019,3,47,2,1033978,133383,5661532,0.0236,,
2019,3,02,3,991958,44638,589481,0.0757,,
2019,3,08,3,9144200,411489,4789291,0.0859,,
2019,3,12,3,38337662,1725195,18207522,0.0948,,
2019,3,17,3,18470241,831161,10512479,0.0791,,
2019,3,21,3,5416692,243751,3691561,0.0660,,
2019,3,25,3,9188115,413465,5862386,0.0705,,
2019,3,27,3,9110430,409969,4629348,0.0886,,
2019,3,29,3,15450133,695256,5077875,0.1369,,
2019,3,38,3,1648439,74180,617880,0.1201,,
2019,3,47,3,8238667,370740,5661532,0.0655,,
2019,3,02,4,,128894,589481,0.2187,,
2019,3,08,4,,1084212,4789291,0.2264,,
2019,3,12,4,,4478128,18207522,0.2459,,
2019,3,17,4,,1899727,10512479,0.1807,,
2019,3,21,4,,520214,3691561,0.1409,,
2019,3,25,4,,1118916,5862386,0.1909,,
2019,3,27,4,,997437,4629348,0.2155,,
2019,3,29,4,,1290965,5077875,0.2542,,
2019,3,38,4,,152404,617880,0.2467,,
2019,3,47,4,,855530,5661532,0.1511,,
2019,4,02,1,134471,55268,589481,0.0938,,
2019,4,08,1,1080000,443880,4789291,0.0927,,
2019,4,12,1,3980684,1636061,18207522,0.0899,,
2019,4,17,1,1764328,725139,10512479,0.0690,,
2019,4,21,1,646427,265682,3691561,0.0720,,
2019,4,25,1,1081744,444597,5862386,0.0758,,
2019,4,27,1,1038340,426758,4629348,0.0922,,
2019,4,29,1,1176041,483353,5077875,0.0952,,
2019,4,38,1,163271,67105,617880,0.1086,,
2019,4,47,1,989254,406583,5661532,0.0718,,
2019,4,02,2,183087,23618,589481,0.0401,,
2019,4,08,2,1419600,183128,4789291,0.0382,,
2019,4,12,2,6893565,889270,18207522,0.0488,,
2019,4,17,2,3009230,388191,10512479,0.0369,,
2019,4,21,2,443966,57272,3691561,0.0155,,
2019,4,25,2,2190469,282571,5862386,0.0482,,
2019,4,27,2,1318967,170147,4629348,0.0368,,
2019,4,29,2,1144905,147693,5077875,0.0291,,
2019,4,38,2,178574,23036,617880,0.0373,,
2019,4,47,2,1076000,138804,5661532,0.0245,,
2019,4,02,3,1138078,51214,589481,0.0869,,
2019,4,08,3,10324100,464585,4789291,0.0970,,
2019,4,12,3,36512011,1643040,18207522,0.0902,,
2019,4,17,3,20426985,919214,10512479,0.0874,,
2019,4,21,3,6625345,298141,3691561,0.0808,,
2019,4,25,3,10644205,478989,5862386,0.0817,,
2019,4,27,3,11229980,505349,4629348,0.1092,,
2019,4,29,3,10784167,485288,5077875,0.0956,,
2019,4,38,3,1866974,84014,617880,0.1360,,
2019,4,47,3,9277599,417492,5661532,0.0737,,
2019,4,02,4,,130099,589481,0.2207,,
2019,4,08,4,,1091593,4789291,0.2279,,
2019,4,12,4,,4168372,18207522,0.2289,,
2019,4,17,4,,2032544,10512479,0.1933,,
2019,4,21,4,,621094,3691561,0.1682,,
2019,4,25,4,,1206157,5862386,0.2057,,
2019,4,27,4,,1102254,4629348,0.2381,,
2019,4,29,4,,1116333,5077875,0.2198,,
2019,4,38,4,,174154,617880,0.2819,,
2019,4,47,4,,962879,5661532,0.1701,,
2019,5,02,1,186968,76844,589481,0.1304,,
2019,5,08,1,692800,284741,4789291,0.0595,,
2019,5,12,1,3975197,1633806,18207522,0.0897,,
2019,5,17,1,2019330,829945,10512479,0.0789,,
2019,5,21,1,688345,282910,3691561,0.0766,,
2019,5,25,1,1411975,580322,5862386,0.0990,,
2019,5,27,1,1255897,516174,4629348,0.1115,,
2019,5,29,1,1242466,510654,5077875,0.1006,,
2019,5,38,1,170688,70153,617880,0.1135,,
2019,5,47,1,992602,407960,5661532,0.0721,,
2019,5,02,2,228113,29427,589481,0.0499,,
2019,5,08,2,1132500,146093,4789291,0.0305,,
2019,5,12,2,6345427,818560,18207522,0.0450,,
2019,5,17,2,3267160,421464,10512479,0.0401,,
2019,5,21,2,547324,70605,3691561,0.0191,,
2019,5,25,2,2598757,335240,5862386,0.0572,,
2019,5,27,2,1314356,169552,4629348,0.0366,,
2019,5,29,2,1367710,176435,5077875,0.0347,,
2019,5,38,2,115579,14910,617880,0.0241,,
2019,5,47,2,1172932,151308,5661532,0.0267,,
2019,5,02,3,1482135,66696,589481,0.1131,,
2019,5,08,3,11237100,505670,4789291,0.1056,,
2019,5,12,3,39902901,1795631,18207522,0.0986,,
2019,5,17,3,24737971,1113209,10512479,0.1059,,
2019,5,21,3,6846437,308090,3691561,0.0835,,
2019,5,25,3,12279204,552564,5862386,0.0943,,
2019,5,27,3,11790562,530575,4629348,0.1146,,
2019,5,29,3,11836554,532645,5077875,0.1049,,
2019,5,38,3,2000065,90003,617880,0.1457,,
2019,5,47,3,11845039,533027,5661532,0.0941,,
2019,5,02,4,,172967,589481,0.2934,,
2019,5,08,4,,936503,4789291,0.1955,,
2019,5,12,4,,4247996,18207522,0.2333,,
2019,5,17,4,,2364617,10512479,0.2249,,
2019,5,21,4,,661604,3691561,0.1792,,
2019,5,25,4,,1468126,5862386,0.2504,,
2019,5,27,4,,1216301,4629348,0.2627,,
2019,5,29,4,,1219733,5077875,0.2402,,
2019,5,38,4,,175065,617880,0.2833,,
2019,5,47,4,,1092295,5661532,0.1929,,
2019,6,02,1,170403,70036,589481,0.1188,,
2019,6,08,1,1459200,599731,4789291,0.1252,,
2019,6,12,1,4520675,1857997,18207522,0.1020,,
2019,6,17,1,2343799,963302,10512479,0.0916,,
2019,6,21,1,658565,270670,3691561,0.0733,,
2019,6,25,1,1719934,706893,5862386,0.1206,,
2019,6,27,1,1363387,560352,4629348,0.1210,,
2019,6,29,1,1253821,515320,5077875,0.1015,,
2019,6,38,1,199057,81812,617880,0.1324,,
2019,6,47,1,1103821,453670,5661532,0.0801,,
2019,6,02,2,240789,31062,589481,0.0527,,
2019,6,08,2,1537000,198273,4789291,0.0414,,
2019,6,12,2,5640733,727655,18207522,0.0400,,
2019,6,17,2,3333476,430018,10512479,0.0409,,
2019,6,21,2,524308,67636,3691561,0.0183,,
2019,6,25,2,3001352,387174,5862386,0.0660,,
2019,6,27,2,1364274,175991,4629348,0.0380,,
2019,6,29,2,1185466,152925,5077875,0.0301,,
2019,6,38,2,120438,15537,617880,0.0251,,
2019,6,47,2,1252875,161621,5661532,0.0285,,
2019,6,02,3,1504534,67704,589481,0.1149,,
2019,6,08,3,11682200,525699,4789291,0.1098,,
2019,6,12,3,34822192,1566999,18207522,0.0861,,
2019,6,17,3,23549692,1059736,10512479,0.1008,,
2019,6,21,3,5289084,238009,3691561,0.0645,,
2019,6,25,3,11349284,510718,5862386,0.0871,,
2019,6,27,3,10805852,486263,4629348,0.1050,,
2019,6,29,3,11054300,497443,5077875,0.0980,,
2019,6,38,3,2078521,93533,617880,0.1514,,
2019,6,47,3,11101011,499545,5661532,0.0882,,
2019,6,02,4,,168801,589481,0.2864,,
2019,6,08,4,,1323703,4789291,0.2764,,
2019,6,12,4,,4152650,18207522,0.2281,,
2019,6,17,4,,2453056,10512479,0.2333,,
2019,6,21,4,,576315,3691561,0.1561,,
2019,6,25,4,,1604785,5862386,0.2737,,
2019,6,27,4,,1222607,4629348,0.2641,,
2019,6,29,4,,1165689,5077875,0.2296,,
2019,6,38,4,,190882,617880,0.3089,,
2019,6,47,4,,1114837,5661532,0.1969,,
2019,7,02,1,189167,77748,589481,0.1319,,
2019,7,08,1,1143600,470020,4789291,0.0981,,
2019,7,12,1,3280308,1348207,18207522,0.0740,,
2019,7,17,1,1586093,651884,10512479,0.0620,,
2019,7,21,1,768342,315789,3691561,0.0855,,
2019,7,25,1,1064889,437669,5862386,0.0747,,
2019,7,27,1,1197772,492284,4629348,0.1063,,
2019,7,29,1,1081891,444657,5077875,0.0876,,
2019,7,38,1,173564,71335,617880,0.1155,,
2019,7,47,1,1026932,422069,5661532,0.0746,,
2019,7,02,2,247820,31969,589481,0.0542,,
2019,7,08,2,1568800,202375,4789291,0.0423,,
2019,7,12,2,5384917,694654,18207522,0.0382,,
2019,7,17,2,2879248,371423,10512479,0.0353,,
2019,7,21,2,558378,72031,3691561,0.0195,,
2019,7,25,2,1932807,249332,5862386,0.0425,,
2019,7,27,2,1256015,162026,4629348,0.0350,,
2019,7,29,2,1074698,138636,5077875,0.0273,,
2019,7,38,2,116333,15007,617880,0.0243,,
2019,7,47,2,1095700,141345,5661532,0.0250,,
2019,7,02,3,1706457,76791,589481,0.1303,,
2019,7,08,3,11989100,539510,4789291,0.1126,,
2019,7,12,3,35820962,1611943,18207522,0.0885,,
2019,7,17,3,25046919,1127111,10512479,0.1072,,
2019,7,21,3,8267316,372029,3691561,0.1008,,
2019,7,25,3,12022585,541016,5862386,0.0923,,
2019,7,27,3,11540027,519301,4629348,0.1122,,
2019,7,29,3,10850607,488277,5077875,0.0962,,
2019,7,38,3,2077113,93470,617880,0.1513,,
2019,7,47,3,10847408,488133,5661532,0.0862,,
2019,7,02,4,,186507,589481,0.3164,,
2019,7,08,4,,1211904,4789291,0.2530,,
2019,7,12,4,,3654804,18207522,0.2007,,
2019,7,17,4,,2150419,10512479,0.2046,,
2019,7,21,4,,759849,3691561,0.2058,,
2019,7,25,4,,1228018,5862386,0.2095,,
2019,7,27,4,,1173611,4629348,0.2535,,
2019,7,29,4,,1071570,5077875,0.2110,,
2019,7,38,4,,179812,617880,0.2910,,
2019,7,47,4,,1051548,5661532,0.1857,,
2019,8,02,1,170517,70082,589481,0.1189,,
2019,8,08,1,1259200,517531,4789291,0.1081,,
2019,8,12,1,3481109,1430736,18207522,0.0786,,
2019,8,17,1,1816467,746568,10512479,0.0710,,
2019,8,21,1,618356,254144,3691561,0.0688,,
2019,8,25,1,1230577,505767,5862386,0.0863,,
2019,8,27,1,1214461,499144,4629348,0.1078,,
2019,8,29,1,1020151,419282,5077875,0.0826,,
2019,8,38,1,176413,72506,617880,0.1173,,
2019,8,47,1,998574,410414,5661532,0.0725,,
2019,8,02,2,242007,31219,589481,0.0530,,
2019,8,08,2,1539200,198557,4789291,0.0415,,
2019,8,12,2,5846030,754138,18207522,0.0414,,
2019,8,17,2,2990235,385740,10512479,0.0367,,
2019,8,21,2,413778,53377,3691561,0.0145,,
2019,8,25,2,2270800,292933,5862386,0.0500,,
2019,8,27,2,1237836,159681,4629348,0.0345,,
2019,8,29,2,1106918,142792,5077875,0.0281,,
2019,8,38,2,109461,14120,617880,0.0229,,
2019,8,47,2,1121050,144615,5661532,0.0255,,
2019,8,02,3,1567534,70539,589481,0.1197,,
2019,8,08,3,12581500,566168,4789291,0.1182,,
2019,8,12,3,37629575,1693331,18207522,0.0930,,
2019,8,17,3,25737407,1158183,10512479,0.1102,,
2019,8,21,3,6898182,310418,3691561,0.0841,,
2019,8,25,3,12110737,544983,5862386,0.0930,,
2019,8,27,3,10506708,472802,4629348,0.1021,,
2019,8,29,3,11429358,514321,5077875,0.1013,,
2019,8,38,3,1810137,81456,617880,0.1318,,
2019,8,47,3,11870769,534185,5661532,0.0944,,
2019,8,02,4,,171840,589481,0.2915,,
2019,8,08,4,,1282256,4789291,0.2677,,
2019,8,12,4,,3878204,18207522,0.2130,,
2019,8,17,4,,2290492,10512479,0.2179,,
2019,8,21,4,,617940,3691561,0.1674,,
2019,8,25,4,,1343683,5862386,0.2292,,
2019,8,27,4,,1131626,4629348,0.2444,,
2019,8,29,4,,1076396,5077875,0.2120,,
2019,8,38,4,,168082,617880,0.2720,,
2019,8,47,4,,1089214,5661532,0.1924,,
2019,9,02,1,143787,59096,589481,0.1003,,
2019,9,08,1,1105700,454443,4789291,0.0949,,
2019,9,12,1,3269153,1343622,18207522,0.0738,,
2019,9,17,1,1760771,723677,10512479,0.0688,,
2019,9,21,1,343686,141255,3691561,0.0383,,
2019,9,25,1,1121543,460954,5862386,0.0786,,
2019,9,27,1,1099632,451949,4629348,0.0976,,
2019,9,29,1,1193157,490388,5077875,0.0966,,
2019,9,38,1,173603,71351,617880,0.1155,,
2019,9,47,1,1021670,419906,5661532,0.0742,,
2019,9,02,2,182852,23588,589481,0.0400,,
2019,9,08,2,1329400,171493,4789291,0.0358,,
2019,9,12,2,5134963,662410,18207522,0.0364,,
2019,9,17,2,2818018,363524,10512479,0.0346,,
2019,9,21,2,332586,42904,3691561,0.0116,,
2019,9,25,2,2173289,280354,5862386,0.0478,,
2019,9,27,2,1189848,153490,4629348,0.0332,,
2019,9,29,2,1134079,146296,5077875,0.0288,,
2019,9,38,2,110647,14273,617880,0.0231,,
2019,9,47,2,1163953,150150,5661532,0.0265,,
2019,9,02,3,1066398,47988,589481,0.0814,,
2019,9,08,3,10574700,475862,4789291,0.0994,,
2019,9,12,3,30129493,1355827,18207522,0.0745,,
2019,9,17,3,19692667,886170,10512479,0.0843,,
2019,9,21,3,4856448,218540,3691561,0.0592,,
2019,9,25,3,9172676,412770,5862386,0.0704,,
2019,9,27,3,9090533,409074,4629348,0.0884,,
2019,9,29,3,10384234,467291,5077875,0.0920,,
2019,9,38,3,1594504,71753,617880,0.1161,,
2019,9,47,3,10628423,478279,5661532,0.0845,,
2019,9,02,4,,130672,589481,0.2217,,
2019,9,08,4,,1101797,4789291,0.2301,,
2019,9,12,4,,3361859,18207522,0.1846,,
2019,9,17,4,,1973371,10512479,0.1877,,
2019,9,21,4,,402699,3691561,0.1091,,
2019,9,25,4,,1154079,5862386,0.1969,,
2019,9,27,4,,1014513,4629348,0.2191,,
2019,9,29,4,,1103974,5077875,0.2174,,
2019,9,38,4,,157377,617880,0.2547,,
2019,9,47,4,,1048335,5661532,0.1852,,
2019,10,02,1,151302,62185,589481,0.1055,,
2019,10,08,1,1265800,520244,4789291,0.1086,,
2019,10,12,1,4397862,1807521,18207522,0.0993,,
2019,10,17,1,2073333,852140,10512479,0.0811,,
2019,10,21,1,960122,394610,3691561,0.1069,,
2019,10,25,1,1576362,647885,5862386,0.1105,,
2019,10,27,1,1189820,489016,4629348,0.1056,,
2019,10,29,1,1150842,472996,5077875,0.0931,,
2019,10,38,1,185505,76242,617880,0.1234,,
2019,10,47,1,968819,398184,5661532,0.0703,,
2019,10,02,2,190634,24592,589481,0.0417,,
2019,10,08,2,1723700,222357,4789291,0.0464,,
2019,10,12,2,7375297,951413,18207522,0.0523,,
2019,10,17,2,3614716,466298,10512479,0.0444,,
2019,10,21,2,682956,88101,3691561,0.0239,,
2019,10,25,2,2654180,342389,5862386,0.0584,,
2019,10,27,2,1470791,189732,4629348,0.0410,,
2019,10,29,2,1427504,184148,5077875,0.0363,,
2019,10,38,2,141512,18255,617880,0.0295,,
2019,10,47,2,1052701,135798,5661532,0.0240,,
2019,10,02,3,1062313,47804,589481,0.0811,,
2019,10,08,3,10362600,466317,4789291,0.0974,,
2019,10,12,3,36773108,1654790,18207522,0.0909,,
2019,10,17,3,20850816,938287,10512479,0.0893,,
2019,10,21,3,6973140,313791,3691561,0.0850,,
2019,10,25,3,8007589,360341,5862386,0.0615,,
2019,10,27,3,8104346,364696,4629348,0.0788,,
2019,10,29,3,10168542,457584,5077875,0.0901,,
2019,10,38,3,1385239,62336,617880,0.1009,,
2019,10,47,3,10884657,489810,5661532,0.0865,,
2019,10,02,4,,134581,589481,0.2283,,
2019,10,08,4,,1208918,4789291,0.2524,,
2019,10,12,4,,4413724,18207522,0.2424,,
2019,10,17,4,,2256725,10512479,0.2147,,
2019,10,21,4,,796503,3691561,0.2158,,
2019,10,25,4,,1350615,5862386,0.2304,,
2019,10,27,4,,1043444,4629348,0.2254,,
2019,10,29,4,,1114729,5077875,0.2195,,
2019,10,38,4,,156833,617880,0.2538,,
2019,10,47,4,,1023792,5661532,0.1808,,
2019,11,02,1,136281,56012,589481,0.0950,,
2019,11,08,1,1066200,438208,4789291,0.0915,,
2019,11,12,1,4236520,1741210,18207522,0.0956,,
2019,11,17,1,1916479,787673,10512479,0.0749,,
2019,11,21,1,738921,303697,3691561,0.0823,,
2019,11,25,1,1166837,479570,5862386,0.0818,,
2019,11,27,1,1118878,459859,4629348,0.0993,,
2019,11,29,1,1305799,536684,5077875,0.1057,,
2019,11,38,1,152896,62840,617880,0.1017,,
2019,11,47,1,1107214,455065,5661532,0.0804,,
2019,11,02,2,195845,25264,589481,0.0429,,
2019,11,08,2,1593000,205497,4789291,0.0429,,
2019,11,12,2,8238048,1062708,18207522,0.0584,,
2019,11,17,2,3378000,435762,10512479,0.0415,,
2019,11,21,2,580560,74892,3691561,0.0203,,
2019,11,25,2,2421445,312366,5862386,0.0533,,
2019,11,27,2,1315381,169684,4629348,0.0367,,
2019,11,29,2,1300527,167768,5077875,0.0330,,
2019,11,38,2,168722,21765,617880,0.0352,,
2019,11,47,2,1286649,165978,5661532,0.0293,,
2019,11,02,3,952581,42866,589481,0.0727,,
2019,11,08,3,9326600,419697,4789291,0.0876,,
2019,11,12,3,34606811,1557307,18207522,0.0855,,
2019,11,17,3,19092456,859161,10512479,0.0817,,
2019,11,21,3,7778669,350040,3691561,0.0948,,
2019,11,25,3,8521130,383451,5862386,0.0654,,
2019,11,27,3,8537213,384175,4629348,0.0830,,
2019,11,29,3,9354295,420943,5077875,0.0829,,
2019,11,38,3,1516723,68253,617880,0.1105,,
2019,11,47,3,10712847,482078,5661532,0.0851,,
2019,11,02,4,,124142,589481,0.2106,,
2019,11,08,4,,1063402,4789291,0.2220,,
2019,11,12,4,,4361224,18207522,0.2395,,
2019,11,17,4,,2082595,10512479,0.1981,,
2019,11,21,4,,728629,3691561,0.1974,,
2019,11,25,4,,1175387,5862386,0.2005,,
2019,11,27,4,,1013718,4629348,0.2190,,
2019,11,29,4,,1125395,5077875,0.2216,,
2019,11,38,4,,152858,617880,0.2474,,
2019,11,47,4,,1103121,5661532,0.1948,,
2019,12,02,1,161523,66386,589481,0.1126,,
2019,12,08,1,1177900,484117,4789291,0.1011,,
2019,12,12,1,5825463,2394265,18207522,0.1315,,
2019,12,17,1,2694110,1107279,10512479,0.1053,,
2019,12,21,1,668262,274656,3691561,0.0744,,
2019,12,25,1,1832448,753136,5862386,0.1285,,
2019,12,27,1,1364476,560800,4629348,0.1211,,
2019,12,29,1,1251898,514530,5077875,0.1013,,
2019,12,38,1,227198,93379,617880,0.1511,,
2019,12,47,1,1057551,434654,5661532,0.0768,,
2019,12,02,2,212680,27436,589481,0.0465,,
2019,12,08,2,1497100,193126,4789291,0.0403,,
2019,12,12,2,8276632,1067685,18207522,0.0586,,
2019,12,17,2,4276754,551701,10512479,0.0525,,
2019,12,21,2,562860,72609,3691561,0.0197,,
2019,12,25,2,3414250,440438,5862386,0.0751,,
2019,12,27,2,1676630,216285,4629348,0.0467,,
2019,12,29,2,1355424,174850,5077875,0.0344,,
2019,12,38,2,211461,27278,617880,0.0441,,
2019,12,47,2,1261960,162793,5661532,0.0288,,
2019,12,02,3,967735,43548,589481,0.0739,,
2019,12,08,3,9503400,427653,4789291,0.0893,,
2019,12,12,3,37192841,1673678,18207522,0.0919,,
2019,12,17,3,21176892,952960,10512479,0.0907,,
2019,12,21,3,5755559,259000,3691561,0.0702,,
2019,12,25,3,9016289,405733,5862386,0.0692,,
2019,12,27,3,8990619,404578,4629348,0.0874,,
2019,12,29,3,9547638,429644,5077875,0.0846,,
2019,12,38,3,1581953,71188,617880,0.1152,,
2019,12,47,3,9645849,434063,5661532,0.0767,,
2019,12,02,4,,137370,589481,0.2330,,
2019,12,08,4,,1104896,4789291,0.2307,,
2019,12,12,4,,5135629,18207522,0.2821,,
2019,12,17,4,,2611940,10512479,0.2485,,
2019,12,21,4,,606265,3691561,0.1642,,
2019,12,25,4,,1599307,5862386,0.2728,,
2019,12,27,4,,1181663,4629348,0.2553,,
2019,12,29,4,,1119023,5077875,0.2204,,
2019,12,38,4,,191845,617880,0.3105,,
2019,12,47,4,,1031510,5661532,0.1822,,
2020,1,02,1,121885,50095,589481,0.0850,0.0730,0.1643
2020,1,08,1,896700,368544,4789291,0.0770,0.0709,0.0854
2020,1,12,1,3463591,1423536,18207522,0.0782,0.0692,0.1299
2020,1,17,1,1304376,536099,10512479,0.0510,0.0428,0.1904
2020,1,21,1,915314,376194,3691561,0.1019,0.0989,0.0309
2020,1,25,1,775435,318704,5862386,0.0544,0.0439,0.2377
2020,1,27,1,906257,372472,4629348,0.0805,0.0799,0.0071
2020,1,29,1,825776,339394,5077875,0.0668,0.0582,0.1491
2020,1,38,1,128193,52687,617880,0.0853,0.0859,-0.0068
2020,1,47,1,1367014,561843,5661532,0.0992,0.0868,0.1433
2020,1,02,2,143291,18485,589481,0.0314,0.0313,0.0004
2020,1,08,2,1264300,163095,4789291,0.0341,0.0330,0.0310
2020,1,12,2,6423304,828606,18207522,0.0455,0.0459,-0.0075
2020,1,17,2,2360714,304532,10512479,0.0290,0.0266,0.0907
2020,1,21,2,732418,94482,3691561,0.0256,0.0284,-0.0984
2020,1,25,2,1472257,189921,5862386,0.0324,0.0310,0.0439
2020,1,27,2,1057164,136374,4629348,0.0295,0.0299,-0.0152
2020,1,29,2,1260367,162587,5077875,0.0320,0.0286,0.1183
2020,1,38,2,90482,11672,617880,0.0189,0.0199,-0.0527
2020,1,47,2,1789268,230816,5661532,0.0408,0.0378,0.0786
2020,1,02,3,873146,39292,589481,0.0667,0.0638,0.0448
2020,1,08,3,8914300,401144,4789291,0.0838,0.0835,0.0026
2020,1,12,3,34260264,1541712,18207522,0.0847,0.0781,0.0839
2020,1,17,3,17311259,779007,10512479,0.0741,0.0682,0.0872
2020,1,21,3,5477229,246475,3691561,0.0668,0.0657,0.0156
2020,1,25,3,8783953,395278,5862386,0.0674,0.0650,0.0370
2020,1,27,3,8770669,394680,4629348,0.0853,0.0820,0.0394
2020,1,29,3,8359075,376158,5077875,0.0741,0.0790,-0.0625
2020,1,38,3,1605193,72234,617880,0.1169,0.1138,0.0271
2020,1,47,3,9368969,421604,5661532,0.0745,0.0691,0.0771
2020,1,02,4,,107871,589481,0.1830,0.1681,0.0884
2020,1,08,4,,932782,4789291,0.1948,0.1875,0.0389
2020,1,12,4,,3793854,18207522,0.2084,0.1932,0.0787
2020,1,17,4,,1619637,10512479,0.1541,0.1376,0.1200
2020,1,21,4,,717151,3691561,0.1943,0.1930,0.0067
2020,1,25,4,,903903,5862386,0.1542,0.1400,0.1015
2020,1,27,4,,903526,4629348,0.1952,0.1918,0.0175
2020,1,29,4,,878140,5077875,0.1729,0.1658,0.0429
2020,1,38,4,,136593,617880,0.2211,0.2196,0.0066
2020,1,47,4,,1214262,5661532,0.2145,0.1937,0.1071
2020,2,02,1,124792,51290,589481,0.0870,0.0829,0.0490
2020,2,08,1,1017700,418275,4789291,0.0873,0.0834,0.0471
2020,2,12,1,3725341,1531115,18207522,0.0841,0.0783,0.0735
2020,2,17,1,1606156,660130,10512479,0.0628,0.0574,0.0933
2020,2,21,1,482955,198494,3691561,0.0538,0.0450,0.1949
2020,2,25,1,923379,379509,5862386,0.0647,0.0587,0.1030
2020,2,27,1,1017748,418295,4629348,0.0904,0.0903,0.0010
2020,2,29,1,1029767,423234,5077875,0.0833,0.0752,0.1087
2020,2,38,1,146957,60399,617880,0.0978,0.0968,0.0101
2020,2,47,1,837058,344031,5661532,0.0608,0.0551,0.1022
2020,2,02,2,183387,23657,589481,0.0401,0.0366,0.0974
2020,2,08,2,1438400,185554,4789291,0.0387,0.0409,-0.0523
2020,2,12,2,7421882,957423,18207522,0.0526,0.0479,0.0985
2020,2,17,2,2676240,345235,10512479,0.0328,0.0328,0.0008
2020,2,21,2,382166,49299,3691561,0.0134,0.0129,0.0322
2020,2,25,2,1849625,238602,5862386,0.0407,0.0427,-0.0463
2020,2,27,2,1102627,142239,4629348,0.0307,0.0322,-0.0473
2020,2,29,2,1049834,135429,5077875,0.0267,0.0296,-0.0990
2020,2,38,2,96965,12508,617880,0.0202,0.0223,-0.0911
2020,2,47,2,1044827,134783,5661532,0.0238,0.0225,0.0586
2020,2,02,3,807103,36320,589481,0.0616,0.0620,-0.0065
2020,2,08,3,7843100,352940,4789291,0.0737,0.0747,-0.0140
2020,2,12,3,31051945,1397338,18207522,0.0767,0.0798,-0.0382
2020,2,17,3,14503052,652637,10512479,0.0621,0.0696,-0.1084
2020,2,21,3,5637796,253701,3691561,0.0687,0.0463,0.4853
2020,2,25,3,8001865,360084,5862386,0.0614,0.0596,0.0298
2020,2,27,3,7722251,347501,4629348,0.0751,0.0747,0.0044
2020,2,29,3,8692307,391154,5077875,0.0770,0.0646,0.1926
2020,2,38,3,1402642,63119,617880,0.1022,0.0991,0.0311
2020,2,47,3,9156614,412048,5661532,0.0728,0.0744,-0.0218
2020,2,02,4,,111266,589481,0.1888,0.1815,0.0398
2020,2,08,4,,956768,4789291,0.1998,0.1990,0.0038
2020,2,12,4,,3885875,18207522,0.2134,0.2060,0.0361
2020,2,17,4,,1658002,10512479,0.1577,0.1599,-0.0135
2020,2,21,4,,501495,3691561,0.1358,0.1042,0.3036
2020,2,25,4,,978194,5862386,0.1669,0.1610,0.0363
2020,2,27,4,,908035,4629348,0.1961,0.1973,-0.0056
2020,2,29,4,,949817,5077875,0.1871,0.1694,0.1044
2020,2,38,4,,136027,617880,0.2202,0.2181,0.0093
2020,2,47,4,,890861,5661532,0.1574,0.1520,0.0350
2020,3,02,1,178287,73276,589481,0.1243,0.1010,0.2311
2020,3,08,1,1370100,563111,4789291,0.1176,0.1006,0.1684
2020,3,12,1,5222317,2146372,18207522,0.1179,0.0993,0.1871
2020,3,17,1,1848438,759708,10512479,0.0723,0.0683,0.0580
2020,3,21,1,563527,231610,3691561,0.0627,0.0636,-0.0134
2020,3,25,1,1232300,506475,5862386,0.0864,0.0818,0.0562
2020,3,27,1,1344813,552718,4629348,0.1194,0.0951,0.2552
2020,3,29,1,1291767,530916,5077875,0.1046,0.0864,0.2095
2020,3,38,1,202883,83385,617880,0.1350,0.1028,0.3128
2020,3,47,1,907133,372832,5661532,0.0659,0.0589,0.1176
2020,3,02,2,202228,26087,589481,0.0443,0.0409,0.0808
2020,3,08,2,1725800,222628,4789291,0.0465,0.0405,0.1481
2020,3,12,2,7690949,992132,18207522,0.0545,0.0514,0.0608
2020,3,17,2,3185629,410946,10512479,0.0391,0.0351,0.1151
2020,3,21,2,517008,66694,3691561,0.0181,0.0143,0.2630
2020,3,25,2,2343322,302288,5862386,0.0516,0.0515,0.0011
2020,3,27,2,1413868,182389,4629348,0.0394,0.0329,0.1960
2020,3,29,2,1241485,160152,5077875,0.0315,0.0322,-0.0209
2020,3,38,2,135485,17478,617880,0.0283,0.0261,0.0839
2020,3,47,2,1082870,139690,5661532,0.0247,0.0233,0.0595
2020,3,02,3,1067000,48015,589481,0.0815,0.0797,0.0225
2020,3,08,3,10305200,463734,4789291,0.0968,0.0894,0.0832
2020,3,12,3,38961260,1753257,18207522,0.0963,0.0991,-0.0287
2020,3,17,3,19108730,859893,10512479,0.0818,0.0851,-0.0384
2020,3,21,3,5823982,262079,3691561,0.0710,0.0724,-0.0190
2020,3,25,3,8522469,383511,5862386,0.0654,0.0743,-0.1195
2020,3,27,3,8936540,402144,4629348,0.0869,0.0908,-0.0430
2020,3,29,3,10148309,456674,5077875,0.0899,0.1089,-0.1743
2020,3,38,3,1609332,72420,617880,0.1172,0.1184,-0.0101
2020,3,47,3,8650538,389274,5661532,0.0688,0.0686,0.0026
2020,3,02,4,,147378,589481,0.2500,0.2216,0.1283
2020,3,08,4,,1249473,4789291,0.2609,0.2305,0.1318
2020,3,12,4,,4891761,18207522,0.2687,0.2498,0.0755
2020,3,17,4,,2030547,10512479,0.1932,0.1884,0.0251
2020,3,21,4,,560383,3691561,0.1518,0.1503,0.0102
2020,3,25,4,,1192275,5862386,0.2034,0.2076,-0.0204
2020,3,27,4,,1137251,4629348,0.2457,0.2188,0.1226
2020,3,29,4,,1147742,5077875,0.2260,0.2276,-0.0068
2020,3,38,4,,173282,617880,0.2804,0.2473,0.1341
2020,3,47,4,,901796,5661532,0.1593,0.1508,0.0563
2020,4,02,1,137414,56477,589481,0.0958,0.0919,0.0424
2020,4,08,1,1187000,487857,4789291,0.1019,0.0874,0.1652
2020,4,12,1,3498849,1438027,18207522,0.0790,0.0792,-0.0034
2020,4,17,1,1637833,673149,10512479,0.0640,0.0627,0.0217
2020,4,21,1,766428,315002,3691561,0.0853,0.0721,0.1840
2020,4,25,1,1288456,529555,5862386,0.0903,0.0755,0.1959
2020,4,27,1,1058843,435184,4629348,0.0940,0.0884,0.0637
2020,4,29,1,1204389,495004,5077875,0.0975,0.0880,0.1074
2020,4,38,1,158589,65180,617880,0.1055,0.0995,0.0601
2020,4,47,1,1113375,457597,5661532,0.0808,0.0699,0.1557
2020,4,02,2,173410,22370,589481,0.0379,0.0380,-0.0007
2020,4,08,2,1435400,185167,4789291,0.0387,0.0380,0.0180
2020,4,12,2,6206215,800602,18207522,0.0440,0.0466,-0.0569
2020,4,17,2,3090418,398664,10512479,0.0379,0.0345,0.0993
2020,4,21,2,586330,75637,3691561,0.0205,0.0172,0.1942
2020,4,25,2,2399196,309496,5862386,0.0528,0.0489,0.0799
2020,4,27,2,1324845,170905,4629348,0.0369,0.0354,0.0431
2020,4,29,2,1280565,165193,5077875,0.0325,0.0286,0.1376
2020,4,38,2,133607,17235,617880,0.0279,0.0352,-0.2084
2020,4,47,2,1332668,171914,5661532,0.0304,0.0243,0.2507
2020,4,02,3,1029292,46318,589481,0.0786,0.0828,-0.0509
2020,4,08,3,9134800,411066,4789291,0.0858,0.0908,-0.0551
2020,4,12,3,31766390,1429488,18207522,0.0785,0.0889,-0.1172
2020,4,17,3,18291133,823101,10512479,0.0783,0.0845,-0.0739
2020,4,21,3,6190006,278550,3691561,0.0755,0.0809,-0.0672
2020,4,25,3,9339014,420256,5862386,0.0717,0.0791,-0.0942
2020,4,27,3,9467628,426043,4629348,0.0920,0.1000,-0.0800
2020,4,29,3,10295949,463318,5077875,0.0912,0.0955,-0.0447
2020,4,38,3,1663237,74846,617880,0.1211,0.1363,-0.1113
2020,4,47,3,10169227,457615,5661532,0.0808,0.0729,0.1088
2020,4,02,4,,125165,589481,0.2123,0.2127,-0.0016
2020,4,08,4,,1084090,4789291,0.2264,0.2162,0.0468
2020,4,12,4,,3668116,18207522,0.2015,0.2148,-0.0621
2020,4,17,4,,1894914,10512479,0.1803,0.1817,-0.0081
2020,4,21,4,,669189,3691561,0.1813,0.1701,0.0656
2020,4,25,4,,1259307,5862386,0.2148,0.2036,0.0553
2020,4,27,4,,1032133,4629348,0.2230,0.2238,-0.0038
2020,4,29,4,,1123514,5077875,0.2213,0.2121,0.0430
2020,4,38,4,,157261,617880,0.2545,0.2710,-0.0610
2020,4,47,4,,1087126,5661532,0.1920,0.1671,0.1490
2020,5,02,1,162836,66926,589481,0.1135,0.1195,-0.0501
2020,5,08,1,1267600,520984,4789291,0.1088,0.0918,0.1851
2020,5,12,1,3759949,1545339,18207522,0.0849,0.0940,-0.0974
2020,5,17,1,1885975,775136,10512479,0.0737,0.0802,-0.0810
2020,5,21,1,726668,298661,3691561,0.0809,0.0706,0.1466
2020,5,25,1,1313240,539742,5862386,0.0921,0.0920,0.0003
2020,5,27,1,1239372,509382,4629348,0.1100,0.1093,0.0067
2020,5,29,1,1217312,500315,5077875,0.0985,0.0943,0.0453
2020,5,38,1,171132,70335,617880,0.1138,0.1174,-0.0307
2020,5,47,1,1128527,463825,5661532,0.0819,0.0664,0.2336
2020,5,02,2,192257,24801,589481,0.0421,0.0495,-0.1506
2020,5,08,2,1441100,185902,4789291,0.0388,0.0391,-0.0077
2020,5,12,2,5839550,753302,18207522,0.0414,0.0458,-0.0970
2020,5,17,2,3188078,411262,10512479,0.0391,0.0404,-0.0325
2020,5,21,2,594242,76657,3691561,0.0208,0.0185,0.1204
2020,5,25,2,2316822,298870,5862386,0.0510,0.0570,-0.1055
2020,5,27,2,1324891,170911,4629348,0.0369,0.0374,-0.0131
2020,5,29,2,1118837,144330,5077875,0.0284,0.0340,-0.1635
2020,5,38,2,114532,14775,617880,0.0239,0.0249,-0.0398
2020,5,47,2,1292873,166781,5661532,0.0295,0.0259,0.1359
2020,5,02,3,1325679,59656,589481,0.1012,0.1119,-0.0958
2020,5,08,3,11226400,505188,4789291,0.1055,0.1060,-0.0050
2020,5,12,3,37372548,1681765,18207522,0.0924,0.0973,-0.0509
2020,5,17,3,22122927,995532,10512479,0.0947,0.1096,-0.1356
2020,5,21,3,6523404,293553,3691561,0.0795,0.0770,0.0322
2020,5,25,3,8093156,364192,5862386,0.0621,0.0935,-0.3358
2020,5,27,3,9853738,443418,4629348,0.0958,0.1148,-0.1658
2020,5,29,3,10412428,468559,5077875,0.0923,0.1048,-0.1193
2020,5,38,3,1668102,75065,617880,0.1215,0.1492,-0.1855
2020,5,47,3,10296763,463354,5661532,0.0818,0.0902,-0.0927
2020,5,02,4,,151382,589481,0.2568,0.2810,-0.0860
2020,5,08,4,,1212074,4789291,0.2531,0.2369,0.0682
2020,5,12,4,,3980406,18207522,0.2186,0.2372,-0.0783
2020,5,17,4,,2181929,10512479,0.2076,0.2302,-0.0985
2020,5,21,4,,668871,3691561,0.1812,0.1661,0.0906
2020,5,25,4,,1202804,5862386,0.2052,0.2426,-0.1541
2020,5,27,4,,1123711,4629348,0.2427,0.2615,-0.0718
2020,5,29,4,,1113205,5077875,0.2192,0.2330,-0.0592
2020,5,38,4,,160175,617880,0.2592,0.2915,-0.1107
2020,5,47,4,,1093960,5661532,0.1932,0.1825,0.0585
2020,6,02,1,164974,67804,589481,0.1150,0.1228,-0.0631
2020,6,08,1,1555500,639311,4789291,0.1335,0.1262,0.0578
2020,6,12,1,4817947,1980176,18207522,0.1088,0.1043,0.0425
2020,6,17,1,2156050,886137,10512479,0.0843,0.0911,-0.0745
2020,6,21,1,743544,305597,3691561,0.0828,0.0736,0.1245
2020,6,25,1,2041665,839124,5862386,0.1431,0.1288,0.1114
2020,6,27,1,1572874,646451,4629348,0.1396,0.1215,0.1493
2020,6,29,1,1511011,621026,5077875,0.1223,0.0962,0.2709
2020,6,38,1,233857,96115,617880,0.1556,0.1332,0.1680
2020,6,47,1,1166361,479374,5661532,0.0847,0.0759,0.1156
2020,6,02,2,216480,27926,589481,0.0474,0.0532,-0.1100
2020,6,08,2,1730600,223247,4789291,0.0466,0.0447,0.0432
2020,6,12,2,6365895,821200,18207522,0.0451,0.0415,0.0860
2020,6,17,2,3517550,453764,10512479,0.0432,0.0414,0.0438
2020,6,21,2,579422,74745,3691561,0.0202,0.0193,0.0508
2020,6,25,2,2962165,382119,5862386,0.0652,0.0697,-0.0644
2020,6,27,2,1450184,187074,4629348,0.0404,0.0384,0.0535
2020,6,29,2,1327277,171219,5077875,0.0337,0.0327,0.0327
2020,6,38,2,143106,18461,617880,0.0299,0.0251,0.1911
2020,6,47,2,1288152,166172,5661532,0.0294,0.0280,0.0478
2020,6,02,3,1374767,61865,589481,0.1049,0.1183,-0.1131
2020,6,08,3,11534000,519030,4789291,0.1084,0.1156,-0.0624
2020,6,12,3,38453648,1730414,18207522,0.0950,0.0899,0.0574
2020,6,17,3,25558415,1150129,10512479,0.1094,0.1094,0.0000
2020,6,21,3,6041900,271886,3691561,0.0737,0.0781,-0.0573
2020,6,25,3,10335283,465088,5862386,0.0793,0.0913,-0.1312
2020,6,27,3,11254026,506431,4629348,0.1094,0.1142,-0.0417
2020,6,29,3,11099851,499493,5077875,0.0984,0.1056,-0.0682
2020,6,38,3,2091390,94113,617880,0.1523,0.1664,-0.0844
2020,6,47,3,10124934,455622,5661532,0.0805,0.0935,-0.1391
2020,6,02,4,,157595,589481,0.2673,0.2943,-0.0917
2020,6,08,4,,1381588,4789291,0.2885,0.2865,0.0070
2020,6,12,4,,4531791,18207522,0.2489,0.2357,0.0559
2020,6,17,4,,2490029,10512479,0.2369,0.2418,-0.0206
2020,6,21,4,,652228,3691561,0.1767,0.1710,0.0332
2020,6,25,4,,1686332,5862386,0.2877,0.2898,-0.0073
2020,6,27,4,,1339956,4629348,0.2894,0.2740,0.0563
2020,6,29,4,,1291738,5077875,0.2544,0.2345,0.0850
2020,6,38,4,,208689,617880,0.3377,0.3246,0.0404
2020,6,47,4,,1101168,5661532,0.1945,0.1974,-0.0146
2020,7,02,1,175495,72128,589481,0.1224,0.1195,0.0236
2020,7,08,1,1381100,567632,4789291,0.1185,0.0917,0.2919
2020,7,12,1,3820769,1570336,18207522,0.0862,0.0684,0.2608
2020,7,17,1,1893928,778405,10512479,0.0740,0.0569,0.3014
2020,7,21,1,835948,343575,3691561,0.0931,0.0814,0.1436
2020,7,25,1,1503653,618001,5862386,0.1054,0.0655,0.6085
2020,7,27,1,1274257,523720,4629348,0.1131,0.0979,0.1554
2020,7,29,1,1333888,548228,5077875,0.1080,0.0785,0.3746
2020,7,38,1,175783,72247,617880,0.1169,0.1088,0.0747
2020,7,47,1,1210807,497642,5661532,0.0879,0.0760,0.1560
2020,7,02,2,215312,27775,589481,0.0471,0.0497,-0.0513
2020,7,08,2,1560700,201330,4789291,0.0420,0.0398,0.0571
2020,7,12,2,6080081,784331,18207522,0.0431,0.0371,0.1598
2020,7,17,2,3139632,405013,10512479,0.0385,0.0331,0.1656
2020,7,21,2,604072,77925,3691561,0.0211,0.0188,0.1249
2020,7,25,2,2007489,258966,5862386,0.0442,0.0416,0.0627
2020,7,27,2,1266953,163437,4629348,0.0353,0.0340,0.0388
2020,7,29,2,1206621,155654,5077875,0.0307,0.0262,0.1701
2020,7,38,2,120188,15504,617880,0.0251,0.0241,0.0393
2020,7,47,2,1254104,161779,5661532,0.0286,0.0265,0.0785
2020,7,02,3,1510352,67966,589481,0.1153,0.1187,-0.0290
2020,7,08,3,12535100,564080,4789291,0.1178,0.1070,0.1009
2020,7,12,3,36221876,1629984,18207522,0.0895,0.0850,0.0535
2020,7,17,3,24624072,1108083,10512479,0.1054,0.0988,0.0673
2020,7,21,3,6685745,300859,3691561,0.0815,0.0945,-0.1372
2020,7,25,3,11251830,506332,5862386,0.0864,0.0878,-0.0161
2020,7,27,3,11397110,512870,4629348,0.1108,0.1128,-0.0181
2020,7,29,3,12167060,547518,5077875,0.1078,0.0997,0.0811
2020,7,38,3,2108602,94887,617880,0.1536,0.1426,0.0769
2020,7,47,3,11436086,514624,5661532,0.0909,0.0908,0.0011
2020,7,02,4,,167870,589481,0.2848,0.2879,-0.0110
2020,7,08,4,,1333042,4789291,0.2783,0.2385,0.1670
2020,7,12,4,,3984651,18207522,0.2188,0.1905,0.1486
2020,7,17,4,,2291500,10512479,0.2180,0.1887,0.1551
2020,7,21,4,,722358,3691561,0.1957,0.1946,0.0055
2020,7,25,4,,1383300,5862386,0.2360,0.1949,0.2108
2020,7,27,4,,1200027,4629348,0.2592,0.2447,0.0592
2020,7,29,4,,1251400,5077875,0.2464,0.2045,0.2052
2020,7,38,4,,182638,617880,0.2956,0.2755,0.0728
2020,7,47,4,,1174045,5661532,0.2074,0.1933,0.0726
2020,8,02,1,167964,69033,589481,0.1171,0.1221,-0.0412
2020,8,08,1,1331600,547288,4789291,0.1143,0.1084,0.0546
2020,8,12,1,3773477,1550899,18207522,0.0852,0.0783,0.0877
2020,8,17,1,1987789,816981,10512479,0.0777,0.0716,0.0861
2020,8,21,1,768236,315745,3691561,0.0855,0.0627,0.3640
2020,8,25,1,1248417,513099,5862386,0.0875,0.0798,0.0966
2020,8,27,1,1223592,502896,4629348,0.1086,0.1118,-0.0280
2020,8,29,1,1314526,540270,5077875,0.1064,0.0867,0.2271
2020,8,38,1,193446,79506,617880,0.1287,0.1147,0.1221
2020,8,47,1,1178002,484159,5661532,0.0855,0.0631,0.3545
2020,8,02,2,187945,24245,589481,0.0411,0.0543,-0.2425
2020,8,08,2,1596100,205897,4789291,0.0430,0.0461,-0.0683
2020,8,12,2,5675265,732109,18207522,0.0402,0.0437,-0.0797
2020,8,17,2,3015498,388999,10512479,0.0370,0.0393,-0.0587
2020,8,21,2,548172,70714,3691561,0.0192,0.0149,0.2819
2020,8,25,2,2033090,262269,5862386,0.0447,0.0515,-0.1313
2020,8,27,2,1217643,157076,4629348,0.0339,0.0376,-0.0978
2020,8,29,2,1343512,173313,5077875,0.0341,0.0318,0.0725
2020,8,38,2,124278,16032,617880,0.0259,0.0250,0.0392
2020,8,47,2,1238165,159723,5661532,0.0282,0.0239,0.1807
2020,8,02,3,1275847,57413,589481,0.0974,0.1214,-0.1976
2020,8,08,3,12090800,544086,4789291,0.1136,0.1176,-0.0340
2020,8,12,3,34180518,1538123,18207522,0.0845,0.0950,-0.1108
2020,8,17,3,22282434,1002710,10512479,0.0954,0.1130,-0.1560
2020,8,21,3,7100587,319526,3691561,0.0866,0.0819,0.0567
2020,8,25,3,10909138,490911,5862386,0.0837,0.0951,-0.1193
2020,8,27,3,11637706,523697,4629348,0.1131,0.1085,0.0430
2020,8,29,3,11519824,518392,5077875,0.1021,0.1052,-0.0293
2020,8,38,3,2082598,93717,617880,0.1517,0.1340,0.1320
2020,8,47,3,11511536,518019,5661532,0.0915,0.0916,-0.0010
2020,8,02,4,,150691,589481,0.2556,0.2978,-0.1417
2020,8,08,4,,1297271,4789291,0.2709,0.2721,-0.0045
2020,8,12,4,,3821132,18207522,0.2099,0.2170,-0.0329
2020,8,17,4,,2208690,10512479,0.2101,0.2239,-0.0615
2020,8,21,4,,705986,3691561,0.1912,0.1596,0.1985
2020,8,25,4,,1266279,5862386,0.2160,0.2264,-0.0459
2020,8,27,4,,1183669,4629348,0.2557,0.2578,-0.0083
2020,8,29,4,,1231975,5077875,0.2426,0.2237,0.0846
2020,8,38,4,,189255,617880,0.3063,0.2736,0.1194
2020,8,47,4,,1161901,5661532,0.2052,0.1786,0.1490
2020,9,02,1,160432,65938,589481,0.1119,0.0982,0.1392
2020,9,08,1,1397000,574167,4789291,0.1199,0.0933,0.2848
2020,9,12,1,4150559,1705880,18207522,0.0937,0.0690,0.3569
2020,9,17,1,2048237,841825,10512479,0.0801,0.0642,0.2474
2020,9,21,1,707108,290621,3691561,0.0787,0.0600,0.3116
2020,9,25,1,1590545,653714,5862386,0.1115,0.0816,0.3664
2020,9,27,1,1341733,551452,4629348,0.1191,0.0936,0.2733
2020,9,29,1,1215449,499550,5077875,0.0984,0.0950,0.0356
2020,9,38,1,191530,78719,617880,0.1274,0.1060,0.2020
2020,9,47,1,1126175,462858,5661532,0.0818,0.0722,0.1317
2020,9,02,2,203662,26272,589481,0.0446,0.0415,0.0727
2020,9,08,2,1612600,208025,4789291,0.0434,0.0369,0.1774
2020,9,12,2,6058391,781532,18207522,0.0429,0.0354,0.2134
2020,9,17,2,3405637,439327,10512479,0.0418,0.0329,0.2713
2020,9,21,2,551418,71133,3691561,0.0193,0.0169,0.1389
2020,9,25,2,2631022,339402,5862386,0.0579,0.0523,0.1069
2020,9,27,2,1377569,177706,4629348,0.0384,0.0324,0.1835
2020,9,29,2,1369625,176682,5077875,0.0348,0.0304,0.1457
2020,9,38,2,115685,14923,617880,0.0242,0.0216,0.1184
2020,9,47,2,1203203,155213,5661532,0.0274,0.0263,0.0435
2020,9,02,3,1190499,53572,589481,0.0909,0.0821,0.1063
2020,9,08,3,11467100,516020,4789291,0.1077,0.0968,0.1132
2020,9,12,3,34613558,1557610,18207522,0.0855,0.0775,0.1042
2020,9,17,3,22173491,997807,10512479,0.0949,0.0870,0.0913
2020,9,21,3,6939685,312286,3691561,0.0846,0.0834,0.0148
2020,9,25,3,10538028,474211,5862386,0.0809,0.0737,0.0976
2020,9,27,3,10881212,489655,4629348,0.1058,0.0873,0.2119
2020,9,29,3,11280508,507623,5077875,0.1000,0.0923,0.0836
2020,9,38,3,1727660,77745,617880,0.1258,0.1125,0.1189
2020,9,47,3,11798764,530944,5661532,0.0938,0.0907,0.0337
2020,9,02,4,,145782,589481,0.2473,0.2219,0.1146
2020,9,08,4,,1298212,4789291,0.2711,0.2270,0.1942
2020,9,12,4,,4045022,18207522,0.2222,0.1819,0.2214
2020,9,17,4,,2278959,10512479,0.2168,0.1840,0.1779
2020,9,21,4,,674040,3691561,0.1826,0.1603,0.1390
2020,9,25,4,,1467327,5862386,0.2503,0.2076,0.2056
2020,9,27,4,,1218813,4629348,0.2633,0.2133,0.2345
2020,9,29,4,,1183854,5077875,0.2331,0.2176,0.0713
2020,9,38,4,,171387,617880,0.2774,0.2400,0.1555
2020,9,47,4,,1149016,5661532,0.2030,0.1892,0.0725
2020,10,02,1,153672,63159,589481,0.1071,0.1013,0.0575
2020,10,08,1,1256400,516380,4789291,0.1078,0.1026,0.0511
2020,10,12,1,4425077,1818706,18207522,0.0999,0.0949,0.0520
2020,10,17,1,1930465,793421,10512479,0.0755,0.0781,-0.0342
2020,10,21,1,780317,320710,3691561,0.0869,0.0792,0.0974
2020,10,25,1,1463788,601617,5862386,0.1026,0.0918,0.1173
2020,10,27,1,1186997,487856,4629348,0.1054,0.1052,0.0017
2020,10,29,1,1489040,611995,5077875,0.1205,0.0907,0.3291
2020,10,38,1,171847,70629,617880,0.1143,0.1168,-0.0215
2020,10,47,1,1207562,496308,5661532,0.0877,0.0655,0.3374
2020,10,02,2,208363,26879,589481,0.0456,0.0423,0.0787
2020,10,08,2,1660100,214153,4789291,0.0447,0.0455,-0.0167
2020,10,12,2,7048762,909290,18207522,0.0499,0.0520,-0.0399
2020,10,17,2,3327177,429206,10512479,0.0408,0.0424,-0.0378
2020,10,21,2,589614,76060,3691561,0.0206,0.0188,0.0935
2020,10,25,2,2208140,284850,5862386,0.0486,0.0543,-0.1044
2020,10,27,2,1357218,175081,4629348,0.0378,0.0411,-0.0794
2020,10,29,2,1495381,192904,5077875,0.0380,0.0376,0.0097
2020,10,38,2,155444,20052,617880,0.0325,0.0300,0.0811
2020,10,47,2,1274896,164462,5661532,0.0290,0.0242,0.1997
2020,10,02,3,1029029,46306,589481,0.0786,0.0798,-0.0161
2020,10,08,3,10378600,467037,4789291,0.0975,0.0914,0.0672
2020,10,12,3,35572088,1600744,18207522,0.0879,0.0876,0.0032
2020,10,17,3,19506736,877803,10512479,0.0835,0.0867,-0.0365
2020,10,21,3,6545365,294541,3691561,0.0798,0.0770,0.0357
2020,10,25,3,8844236,397991,5862386,0.0679,0.0696,-0.0246
2020,10,27,3,9441764,424879,4629348,0.0918,0.0866,0.0602
2020,10,29,3,9751851,438833,5077875,0.0864,0.0912,-0.0526
2020,10,38,3,1486277,66882,617880,0.1082,0.1111,-0.0257
2020,10,47,3,10845480,488047,5661532,0.0862,0.0808,0.0672
2020,10,02,4,,136344,589481,0.2313,0.2234,0.0352
2020,10,08,4,,1197570,4789291,0.2501,0.2394,0.0443
2020,10,12,4,,4328741,18207522,0.2377,0.2346,0.0134
2020,10,17,4,,2100430,10512479,0.1998,0.2072,-0.0359
2020,10,21,4,,691312,3691561,0.1873,0.1750,0.0698
2020,10,25,4,,1284458,5862386,0.2191,0.2157,0.0158
2020,10,27,4,,1087816,4629348,0.2350,0.2329,0.0092
2020,10,29,4,,1243733,5077875,0.2449,0.2195,0.1158
2020,10,38,4,,157564,617880,0.2550,0.2579,-0.0114
2020,10,47,4,,1148816,5661532,0.2029,0.1705,0.1899
2020,11,02,1,139875,57489,589481,0.0975,0.1017,-0.0410
2020,11,08,1,1277300,524970,4789291,0.1096,0.1023,0.0719
2020,11,12,1,4316109,1773921,18207522,0.0974,0.0938,0.0385
2020,11,17,1,1953786,803006,10512479,0.0764,0.0764,-0.0004
2020,11,21,1,786187,323123,3691561,0.0875,0.0781,0.1210
2020,11,25,1,1260183,517935,5862386,0.0883,0.0850,0.0389
2020,11,27,1,875932,360008,4629348,0.0778,0.0997,-0.2198
2020,11,29,1,1152864,473827,5077875,0.0933,0.0997,-0.0641
2020,11,38,1,168713,69341,617880,0.1122,0.1090,0.0293
2020,11,47,1,1204899,495213,5661532,0.0875,0.0756,0.1570
2020,11,02,2,195499,25219,589481,0.0428,0.0440,-0.0278
2020,11,08,2,1646800,212437,4789291,0.0444,0.0470,-0.0564
2020,11,12,2,7547696,973653,18207522,0.0535,0.0576,-0.0717
2020,11,17,2,3404025,439119,10512479,0.0418,0.0435,-0.0405
2020,11,21,2,583810,75311,3691561,0.0204,0.0196,0.0418
2020,11,25,2,2546817,328539,5862386,0.0560,0.0593,-0.0552
2020,11,27,2,1299883,167685,4629348,0.0362,0.0405,-0.1061
2020,11,29,2,1211948,156341,5077875,0.0308,0.0347,-0.1130
2020,11,38,2,137936,17794,617880,0.0288,0.0381,-0.2444
2020,11,47,2,1336991,172472,5661532,0.0305,0.0290,0.0492
2020,11,02,3,902126,40596,589481,0.0689,0.0740,-0.0688
2020,11,08,3,8846900,398111,4789291,0.0831,0.0889,-0.0650
2020,11,12,3,32993210,1484694,18207522,0.0815,0.0891,-0.0843
2020,11,17,3,17863710,803867,10512479,0.0765,0.0840,-0.0901
2020,11,21,3,5676410,255438,3691561,0.0692,0.0779,-0.1114
2020,11,25,3,7890620,355078,5862386,0.0606,0.0665,-0.0889
2020,11,27,3,7698514,346433,4629348,0.0748,0.0818,-0.0846
2020,11,29,3,9304056,418683,5077875,0.0825,0.0845,-0.0239
2020,11,38,3,1289397,58023,617880,0.0939,0.1122,-0.1627
2020,11,47,3,10465258,470937,5661532,0.0832,0.0846,-0.0171
2020,11,02,4,,123304,589481,0.2092,0.2196,-0.0477
2020,11,08,4,,1135518,4789291,0.2371,0.2382,-0.0045
2020,11,12,4,,4232268,18207522,0.2324,0.2405,-0.0334
2020,11,17,4,,2045992,10512479,0.1946,0.2040,-0.0459
2020,11,21,4,,653873,3691561,0.1771,0.1755,0.0091
2020,11,25,4,,1201552,5862386,0.2050,0.2108,-0.0279
2020,11,27,4,,874126,4629348,0.1888,0.2220,-0.1493
2020,11,29,4,,1048851,5077875,0.2066,0.2189,-0.0564
2020,11,38,4,,145157,617880,0.2349,0.2593,-0.0940
2020,11,47,4,,1138622,5661532,0.2011,0.1893,0.0626
